{"payload":{"installed_packages":["absl-py==1.4.0","attrs==22.2.0","cachetools==5.3.0","certifi==2022.12.7","charset-normalizer==3.1.0","colorama==0.4.6","comet-ml==3.32.6","configobj==5.0.8","contourpy==1.0.7","cycler==0.11.0","dulwich==0.21.3","everett==3.1.0","filelock==3.11.0","fonttools==4.39.3","gitdb==4.0.10","gitpython==3.1.31","google-auth-oauthlib==1.0.0","google-auth==2.17.2","grpcio==1.53.0","idna==3.4","importlib-metadata==6.2.0","importlib-resources==5.12.0","jinja2==3.1.2","jsonschema==4.17.3","kiwisolver==1.4.4","markdown==3.4.3","markupsafe==2.1.2","matplotlib==3.7.1","mpmath==1.3.0","networkx==3.1","numpy==1.24.2","oauthlib==3.2.2","opencv-python==4.7.0.72","packaging==23.0","pandas==2.0.0","pillow==9.5.0","pip==23.0.1","pkgutil-resolve-name==1.3.10","protobuf==4.22.1","psutil==5.9.4","pyasn1-modules==0.2.8","pyasn1==0.4.8","pyparsing==3.0.9","pyrsistent==0.19.3","python-box==6.1.0","python-dateutil==2.8.2","pytz==2023.3","pyyaml==6.0","requests-oauthlib==1.3.1","requests-toolbelt==0.10.1","requests==2.28.2","rsa==4.9","scipy==1.10.1","seaborn==0.12.2","semantic-version==2.10.0","sentry-sdk==1.19.1","setuptools==65.6.3","simplejson==3.19.1","six==1.16.0","smmap==5.0.0","sympy==1.11.1","tensorboard-data-server==0.7.0","tensorboard-plugin-wit==1.8.1","tensorboard==2.12.1","thop==0.1.1.post2209072238","torch==2.0.0","torchvision==0.15.1","tqdm==4.65.0","typing-extensions==4.5.0","tzdata==2023.3","urllib3==1.26.15","websocket-client==1.3.3","werkzeug==2.2.3","wheel==0.38.4","wincertstore==0.2","wrapt==1.15.0","wurlitzer==3.0.3","zipp==3.15.0"],"local_timestamp":1680981326093},"type":"ws_msg"}
{"payload":{"env_details":{"command":["train.py","--batch","32","--epochs","100","--data","../WaRP.yaml","--weights","yolov5m.pt"],"env":null,"hostname":"DESKTOP-MBH01P1","ip":"10.153.59.58","machine":"AMD64","os":"Windows-10-10.0.19044-SP0","os_release":"10","os_type":"Windows","pid":13616,"processor":"Intel64 Family 6 Model 154 Stepping 3, GenuineIntel","python_exe":"C:\\Users\\Eppat\\anaconda3\\envs\\recycleDetection\\python.exe","python_version":"3.8.16","python_version_verbose":"3.8.16 (default, Mar  2 2023, 03:18:16) [MSC v.1916 64 bit (AMD64)]","user":"Eppat"},"local_timestamp":1680981326356},"type":"ws_msg"}
{"payload":{"gpu_static_info":[{"gpu_index":0,"name":"NVIDIA GeForce RTX 3060 Laptop GPU","power_limit":null,"total_memory":6442450944,"uuid":"GPU-fc1e9056-d92a-43f3-1355-f56a90353699"}],"local_timestamp":1680981327904},"type":"ws_msg"}
{"payload":{"local_timestamp":1680981327906,"metric":{"epoch":null,"metricName":"sys.gpu.0.total_memory","metricValue":6442450944,"step":null}},"type":"metric_msg"}
{"payload":{"local_timestamp":1680981328059,"param":{"paramName":"batch","paramValue":32,"source":"cli","step":null}},"type":"parameter_msg"}
{"payload":{"local_timestamp":1680981328059,"param":{"paramName":"epochs","paramValue":100,"source":"cli","step":null}},"type":"parameter_msg"}
{"payload":{"local_timestamp":1680981328059,"param":{"paramName":"data","paramValue":"../WaRP.yaml","source":"cli","step":null}},"type":"parameter_msg"}
{"payload":{"local_timestamp":1680981328059,"param":{"paramName":"weights","paramValue":"yolov5m.pt","source":"cli","step":null}},"type":"parameter_msg"}
{"payload":{"local_timestamp":1680981328059,"metric":{"epoch":null,"metricName":"sys.cpu.percent.avg","metricValue":6.4049999999999985,"step":null}},"type":"metric_msg"}
{"payload":{"local_timestamp":1680981328059,"metric":{"epoch":null,"metricName":"sys.cpu.percent.01","metricValue":15.0,"step":null}},"type":"metric_msg"}
{"payload":{"local_timestamp":1680981328060,"metric":{"epoch":null,"metricName":"sys.cpu.percent.02","metricValue":0.0,"step":null}},"type":"metric_msg"}
{"payload":{"local_timestamp":1680981328060,"metric":{"epoch":null,"metricName":"sys.cpu.percent.03","metricValue":53.1,"step":null}},"type":"metric_msg"}
{"payload":{"local_timestamp":1680981328060,"metric":{"epoch":null,"metricName":"sys.cpu.percent.04","metricValue":0.0,"step":null}},"type":"metric_msg"}
{"payload":{"local_timestamp":1680981328060,"metric":{"epoch":null,"metricName":"sys.cpu.percent.05","metricValue":2.1,"step":null}},"type":"metric_msg"}
{"payload":{"local_timestamp":1680981328060,"metric":{"epoch":null,"metricName":"sys.cpu.percent.06","metricValue":0.0,"step":null}},"type":"metric_msg"}
{"payload":{"local_timestamp":1680981328060,"metric":{"epoch":null,"metricName":"sys.cpu.percent.07","metricValue":0.0,"step":null}},"type":"metric_msg"}
{"payload":{"local_timestamp":1680981328060,"metric":{"epoch":null,"metricName":"sys.cpu.percent.08","metricValue":0.0,"step":null}},"type":"metric_msg"}
{"payload":{"local_timestamp":1680981328060,"metric":{"epoch":null,"metricName":"sys.cpu.percent.09","metricValue":34.7,"step":null}},"type":"metric_msg"}
{"payload":{"local_timestamp":1680981328060,"metric":{"epoch":null,"metricName":"sys.cpu.percent.10","metricValue":0.0,"step":null}},"type":"metric_msg"}
{"payload":{"local_timestamp":1680981328060,"metric":{"epoch":null,"metricName":"sys.cpu.percent.11","metricValue":0.0,"step":null}},"type":"metric_msg"}
{"payload":{"local_timestamp":1680981328060,"metric":{"epoch":null,"metricName":"sys.cpu.percent.12","metricValue":0.0,"step":null}},"type":"metric_msg"}
{"payload":{"local_timestamp":1680981328060,"metric":{"epoch":null,"metricName":"sys.cpu.percent.13","metricValue":1.1,"step":null}},"type":"metric_msg"}
{"payload":{"local_timestamp":1680981328060,"metric":{"epoch":null,"metricName":"sys.cpu.percent.14","metricValue":7.3,"step":null}},"type":"metric_msg"}
{"payload":{"local_timestamp":1680981328060,"metric":{"epoch":null,"metricName":"sys.cpu.percent.15","metricValue":1.1,"step":null}},"type":"metric_msg"}
{"payload":{"local_timestamp":1680981328060,"metric":{"epoch":null,"metricName":"sys.cpu.percent.16","metricValue":0.7,"step":null}},"type":"metric_msg"}
{"payload":{"local_timestamp":1680981328060,"metric":{"epoch":null,"metricName":"sys.cpu.percent.17","metricValue":6.3,"step":null}},"type":"metric_msg"}
{"payload":{"local_timestamp":1680981328060,"metric":{"epoch":null,"metricName":"sys.cpu.percent.18","metricValue":2.5,"step":null}},"type":"metric_msg"}
{"payload":{"local_timestamp":1680981328060,"metric":{"epoch":null,"metricName":"sys.cpu.percent.19","metricValue":2.8,"step":null}},"type":"metric_msg"}
{"payload":{"local_timestamp":1680981328060,"metric":{"epoch":null,"metricName":"sys.cpu.percent.20","metricValue":1.4,"step":null}},"type":"metric_msg"}
{"payload":{"local_timestamp":1680981328060,"metric":{"epoch":null,"metricName":"sys.load.avg","metricValue":0.0,"step":null}},"type":"metric_msg"}
{"payload":{"local_timestamp":1680981328060,"metric":{"epoch":null,"metricName":"sys.ram.total","metricValue":34046443520,"step":null}},"type":"metric_msg"}
{"payload":{"local_timestamp":1680981328060,"metric":{"epoch":null,"metricName":"sys.ram.used","metricValue":5311721472,"step":null}},"type":"metric_msg"}
{"payload":{"local_timestamp":1680981328060,"log_other":{"key":"offline_experiment","val":true}},"type":"ws_msg"}
{"payload":{"local_timestamp":1680981328063,"metric":{"epoch":null,"metricName":"sys.gpu.0.free_memory","metricValue":6300893184,"step":null}},"type":"metric_msg"}
{"payload":{"local_timestamp":1680981328063,"metric":{"epoch":null,"metricName":"sys.gpu.0.gpu_utilization","metricValue":0,"step":null}},"type":"metric_msg"}
{"payload":{"local_timestamp":1680981328063,"metric":{"epoch":null,"metricName":"sys.gpu.0.power_usage","metricValue":25029,"step":null}},"type":"metric_msg"}
{"payload":{"local_timestamp":1680981328063,"metric":{"epoch":null,"metricName":"sys.gpu.0.temperature","metricValue":44,"step":null}},"type":"metric_msg"}
{"payload":{"local_timestamp":1680981328063,"metric":{"epoch":null,"metricName":"sys.gpu.0.used_memory","metricValue":141557760,"step":null}},"type":"metric_msg"}
{"payload":{"additional_params":{"assetId":"1affeafbfc844e6a8186f32dc1441e39","context":null,"extension":"yaml","fileName":"WaRP.yaml","overwrite":false,"runId":null,"step":null},"clean":true,"file_path":"tmp98mfatsl","local_timestamp":1680981328065,"metadata":{"type":"data-config-file"},"upload_type":"asset"},"type":"file_upload"}
{"payload":{"local_timestamp":1680981328072,"log_other":{"key":"Created from","val":"YOLOv5"}},"type":"ws_msg"}
{"payload":{"local_timestamp":1680981328072,"param":{"paramName":"artifact_alias","paramValue":"latest","source":"manual","step":null}},"type":"parameter_msg"}
{"payload":{"local_timestamp":1680981328072,"param":{"paramName":"batch_size","paramValue":32,"source":"manual","step":null}},"type":"parameter_msg"}
{"payload":{"local_timestamp":1680981328072,"param":{"paramName":"bbox_interval","paramValue":-1,"source":"manual","step":null}},"type":"parameter_msg"}
{"payload":{"local_timestamp":1680981328072,"param":{"paramName":"bucket","paramValue":"","source":"manual","step":null}},"type":"parameter_msg"}
{"payload":{"local_timestamp":1680981328072,"param":{"paramName":"cache","paramValue":null,"source":"manual","step":null}},"type":"parameter_msg"}
{"payload":{"local_timestamp":1680981328072,"param":{"paramName":"cfg","paramValue":"","source":"manual","step":null}},"type":"parameter_msg"}
{"payload":{"local_timestamp":1680981328072,"param":{"paramName":"cos_lr","paramValue":false,"source":"manual","step":null}},"type":"parameter_msg"}
{"payload":{"local_timestamp":1680981328073,"param":{"paramName":"device","paramValue":"","source":"manual","step":null}},"type":"parameter_msg"}
{"payload":{"local_timestamp":1680981328073,"param":{"paramName":"entity","paramValue":null,"source":"manual","step":null}},"type":"parameter_msg"}
{"payload":{"local_timestamp":1680981328073,"param":{"paramName":"evolve","paramValue":null,"source":"manual","step":null}},"type":"parameter_msg"}
{"payload":{"local_timestamp":1680981328073,"param":{"paramName":"exist_ok","paramValue":false,"source":"manual","step":null}},"type":"parameter_msg"}
{"payload":{"local_timestamp":1680981328073,"params":{"paramName":"freeze","paramValue":[0],"source":"manual","step":null}},"type":"parameter_msg"}
{"payload":{"local_timestamp":1680981328073,"param":{"paramName":"hyp","paramValue":"{\"anchor_t\": 4.0, \"box\": 0.05, \"cls\": 0.5, \"cls_pw\": 1.0, \"copy_paste\": 0.0, \"degrees\": 0.0, \"fl_gamma\": 0.0, \"fliplr\": 0.5, \"flipud\": 0.0, \"hsv_h\": 0.015, \"hsv_s\": 0.7, \"hsv_v\": 0.4, \"iou_t\": 0.2, \"lr0\": 0.01, \"lrf\": 0.01, \"mixup\": 0.0, \"momentum\": 0.937, \"mosaic\": 1.0, \"obj\": 1.0, \"obj_pw\": 1.0, \"perspective\": 0.0, \"scale\": 0.5, \"shear\": 0.0, \"translate\": 0.1, \"warmup_bias_lr\": 0.1, \"warmup_epochs\": 3.0, \"warmup_momentum\": 0.8, \"weight_decay\": 0.0005}","source":"manual","step":null}},"type":"parameter_msg"}
{"payload":{"local_timestamp":1680981328073,"param":{"paramName":"image_weights","paramValue":false,"source":"manual","step":null}},"type":"parameter_msg"}
{"payload":{"local_timestamp":1680981328073,"param":{"paramName":"imgsz","paramValue":640,"source":"manual","step":null}},"type":"parameter_msg"}
{"payload":{"local_timestamp":1680981328073,"param":{"paramName":"label_smoothing","paramValue":0.0,"source":"manual","step":null}},"type":"parameter_msg"}
{"payload":{"local_timestamp":1680981328073,"param":{"paramName":"local_rank","paramValue":-1,"source":"manual","step":null}},"type":"parameter_msg"}
{"payload":{"local_timestamp":1680981328073,"param":{"paramName":"multi_scale","paramValue":false,"source":"manual","step":null}},"type":"parameter_msg"}
{"payload":{"local_timestamp":1680981328073,"param":{"paramName":"name","paramValue":"exp","source":"manual","step":null}},"type":"parameter_msg"}
{"payload":{"local_timestamp":1680981328073,"param":{"paramName":"noautoanchor","paramValue":false,"source":"manual","step":null}},"type":"parameter_msg"}
{"payload":{"local_timestamp":1680981328073,"param":{"paramName":"noplots","paramValue":false,"source":"manual","step":null}},"type":"parameter_msg"}
{"payload":{"local_timestamp":1680981328073,"param":{"paramName":"nosave","paramValue":false,"source":"manual","step":null}},"type":"parameter_msg"}
{"payload":{"local_timestamp":1680981328073,"param":{"paramName":"noval","paramValue":false,"source":"manual","step":null}},"type":"parameter_msg"}
{"payload":{"local_timestamp":1680981328073,"param":{"paramName":"optimizer","paramValue":"SGD","source":"manual","step":null}},"type":"parameter_msg"}
{"payload":{"local_timestamp":1680981328073,"param":{"paramName":"patience","paramValue":100,"source":"manual","step":null}},"type":"parameter_msg"}
{"payload":{"local_timestamp":1680981328073,"param":{"paramName":"project","paramValue":"runs\\train","source":"manual","step":null}},"type":"parameter_msg"}
{"payload":{"local_timestamp":1680981328073,"param":{"paramName":"quad","paramValue":false,"source":"manual","step":null}},"type":"parameter_msg"}
{"payload":{"local_timestamp":1680981328073,"param":{"paramName":"rect","paramValue":false,"source":"manual","step":null}},"type":"parameter_msg"}
{"payload":{"local_timestamp":1680981328073,"param":{"paramName":"resume","paramValue":false,"source":"manual","step":null}},"type":"parameter_msg"}
{"payload":{"local_timestamp":1680981328073,"param":{"paramName":"save_dir","paramValue":"runs\\train\\exp4","source":"manual","step":null}},"type":"parameter_msg"}
{"payload":{"local_timestamp":1680981328073,"param":{"paramName":"save_period","paramValue":-1,"source":"manual","step":null}},"type":"parameter_msg"}
{"payload":{"local_timestamp":1680981328073,"param":{"paramName":"seed","paramValue":0,"source":"manual","step":null}},"type":"parameter_msg"}
{"payload":{"local_timestamp":1680981328073,"param":{"paramName":"single_cls","paramValue":false,"source":"manual","step":null}},"type":"parameter_msg"}
{"payload":{"local_timestamp":1680981328073,"param":{"paramName":"sync_bn","paramValue":false,"source":"manual","step":null}},"type":"parameter_msg"}
{"payload":{"local_timestamp":1680981328073,"param":{"paramName":"upload_dataset","paramValue":false,"source":"manual","step":null}},"type":"parameter_msg"}
{"payload":{"local_timestamp":1680981328073,"param":{"paramName":"workers","paramValue":8,"source":"manual","step":null}},"type":"parameter_msg"}
{"payload":{"local_timestamp":1680981328073,"param":{"paramName":"anchor_t","paramValue":4.0,"source":"manual","step":null}},"type":"parameter_msg"}
{"payload":{"local_timestamp":1680981328073,"param":{"paramName":"box","paramValue":0.05,"source":"manual","step":null}},"type":"parameter_msg"}
{"payload":{"local_timestamp":1680981328073,"param":{"paramName":"cls","paramValue":0.5,"source":"manual","step":null}},"type":"parameter_msg"}
{"payload":{"local_timestamp":1680981328073,"param":{"paramName":"cls_pw","paramValue":1.0,"source":"manual","step":null}},"type":"parameter_msg"}
{"payload":{"local_timestamp":1680981328073,"param":{"paramName":"copy_paste","paramValue":0.0,"source":"manual","step":null}},"type":"parameter_msg"}
{"payload":{"local_timestamp":1680981328073,"param":{"paramName":"degrees","paramValue":0.0,"source":"manual","step":null}},"type":"parameter_msg"}
{"payload":{"local_timestamp":1680981328073,"param":{"paramName":"fl_gamma","paramValue":0.0,"source":"manual","step":null}},"type":"parameter_msg"}
{"payload":{"local_timestamp":1680981328073,"param":{"paramName":"fliplr","paramValue":0.5,"source":"manual","step":null}},"type":"parameter_msg"}
{"payload":{"local_timestamp":1680981328073,"param":{"paramName":"flipud","paramValue":0.0,"source":"manual","step":null}},"type":"parameter_msg"}
{"payload":{"local_timestamp":1680981328073,"param":{"paramName":"hsv_h","paramValue":0.015,"source":"manual","step":null}},"type":"parameter_msg"}
{"payload":{"local_timestamp":1680981328073,"param":{"paramName":"hsv_s","paramValue":0.7,"source":"manual","step":null}},"type":"parameter_msg"}
{"payload":{"local_timestamp":1680981328073,"param":{"paramName":"hsv_v","paramValue":0.4,"source":"manual","step":null}},"type":"parameter_msg"}
{"payload":{"local_timestamp":1680981328073,"param":{"paramName":"iou_t","paramValue":0.2,"source":"manual","step":null}},"type":"parameter_msg"}
{"payload":{"local_timestamp":1680981328073,"param":{"paramName":"lr0","paramValue":0.01,"source":"manual","step":null}},"type":"parameter_msg"}
{"payload":{"local_timestamp":1680981328073,"param":{"paramName":"lrf","paramValue":0.01,"source":"manual","step":null}},"type":"parameter_msg"}
{"payload":{"local_timestamp":1680981328073,"param":{"paramName":"mixup","paramValue":0.0,"source":"manual","step":null}},"type":"parameter_msg"}
{"payload":{"local_timestamp":1680981328073,"param":{"paramName":"momentum","paramValue":0.937,"source":"manual","step":null}},"type":"parameter_msg"}
{"payload":{"local_timestamp":1680981328073,"param":{"paramName":"mosaic","paramValue":1.0,"source":"manual","step":null}},"type":"parameter_msg"}
{"payload":{"local_timestamp":1680981328073,"param":{"paramName":"obj","paramValue":1.0,"source":"manual","step":null}},"type":"parameter_msg"}
{"payload":{"local_timestamp":1680981328073,"param":{"paramName":"obj_pw","paramValue":1.0,"source":"manual","step":null}},"type":"parameter_msg"}
{"payload":{"local_timestamp":1680981328073,"param":{"paramName":"perspective","paramValue":0.0,"source":"manual","step":null}},"type":"parameter_msg"}
{"payload":{"local_timestamp":1680981328073,"param":{"paramName":"scale","paramValue":0.5,"source":"manual","step":null}},"type":"parameter_msg"}
{"payload":{"local_timestamp":1680981328073,"param":{"paramName":"shear","paramValue":0.0,"source":"manual","step":null}},"type":"parameter_msg"}
{"payload":{"local_timestamp":1680981328073,"param":{"paramName":"translate","paramValue":0.1,"source":"manual","step":null}},"type":"parameter_msg"}
{"payload":{"local_timestamp":1680981328073,"param":{"paramName":"warmup_bias_lr","paramValue":0.1,"source":"manual","step":null}},"type":"parameter_msg"}
{"payload":{"local_timestamp":1680981328073,"param":{"paramName":"warmup_epochs","paramValue":3.0,"source":"manual","step":null}},"type":"parameter_msg"}
{"payload":{"local_timestamp":1680981328073,"param":{"paramName":"warmup_momentum","paramValue":0.8,"source":"manual","step":null}},"type":"parameter_msg"}
{"payload":{"local_timestamp":1680981328073,"param":{"paramName":"weight_decay","paramValue":0.0005,"source":"manual","step":null}},"type":"parameter_msg"}
{"payload":{"additional_params":{"assetId":"3caf44ef1f2f4818966718631b7f5ca7","context":null,"epoch":null,"extension":"json","fileName":"hyperparameters.json","overwrite":false,"runId":null,"step":null},"clean":true,"file_path":"tmp6aykqw_1","local_timestamp":1680981328077,"metadata":{"type":"hyp-config-file"},"upload_type":"asset"},"type":"file_upload"}
{"payload":{"additional_params":{"assetId":"f495c86151f24e14a10073a35894df77","context":null,"extension":"yaml","fileName":"opt.yaml","overwrite":false,"runId":null,"step":null},"clean":true,"file_path":"tmpaisjrmga","local_timestamp":1680981328079,"metadata":{"type":"opt-config-file"},"upload_type":"asset"},"type":"file_upload"}
{"payload":{"local_timestamp":1680981328079,"param":{"paramName":"val_conf_threshold","paramValue":0.001,"source":"manual","step":null}},"type":"parameter_msg"}
{"payload":{"local_timestamp":1680981328079,"param":{"paramName":"val_iou_threshold","paramValue":0.6,"source":"manual","step":null}},"type":"parameter_msg"}
{"payload":{"local_timestamp":1680981328079,"log_other":{"key":"comet_mode","val":"online"}},"type":"ws_msg"}
{"payload":{"local_timestamp":1680981328079,"log_other":{"key":"comet_max_image_uploads","val":100}},"type":"ws_msg"}
{"payload":{"local_timestamp":1680981328079,"log_other":{"key":"comet_log_per_class_metrics","val":false}},"type":"ws_msg"}
{"payload":{"local_timestamp":1680981328079,"log_other":{"key":"comet_log_batch_metrics","val":false}},"type":"ws_msg"}
{"payload":{"local_timestamp":1680981328079,"log_other":{"key":"comet_log_confusion_matrix","val":true}},"type":"ws_msg"}
{"payload":{"local_timestamp":1680981328079,"log_other":{"key":"comet_model_name","val":"yolov5"}},"type":"ws_msg"}
{"payload":{"local_timestamp":1680981328152,"stderr":true,"stdout":"Overriding model.yaml nc=80 with nc=28\n"},"type":"ws_msg"}
{"payload":{"local_timestamp":1680981328154,"stderr":true,"stdout":"\n                 from  n    params  module                                  arguments                     \n"},"type":"ws_msg"}
{"payload":{"local_timestamp":1680981328164,"stderr":true,"stdout":"  0                -1  1      5280  models.common.Conv                      [3, 48, 6, 2, 2]              \n"},"type":"ws_msg"}
{"payload":{"local_timestamp":1680981328165,"stderr":true,"stdout":"  1                -1  1     41664  models.common.Conv                      [48, 96, 3, 2]                \n"},"type":"ws_msg"}
{"payload":{"local_timestamp":1680981328168,"stderr":true,"stdout":"  2                -1  2     65280  models.common.C3                        [96, 96, 2]                   \n"},"type":"ws_msg"}
{"payload":{"local_timestamp":1680981328170,"stderr":true,"stdout":"  3                -1  1    166272  models.common.Conv                      [96, 192, 3, 2]               \n"},"type":"ws_msg"}
{"payload":{"local_timestamp":1680981328176,"stderr":true,"stdout":"  4                -1  4    444672  models.common.C3                        [192, 192, 4]                 \n"},"type":"ws_msg"}
{"payload":{"local_timestamp":1680981328178,"stderr":true,"stdout":"  5                -1  1    664320  models.common.Conv                      [192, 384, 3, 2]              \n"},"type":"ws_msg"}
{"payload":{"local_timestamp":1680981328191,"stderr":true,"stdout":"  6                -1  6   2512896  models.common.C3                        [384, 384, 6]                 \n"},"type":"ws_msg"}
{"payload":{"local_timestamp":1680981328201,"stderr":true,"stdout":"  7                -1  1   2655744  models.common.Conv                      [384, 768, 3, 2]              \n"},"type":"ws_msg"}
{"payload":{"local_timestamp":1680981328216,"stderr":true,"stdout":"  8                -1  2   4134912  models.common.C3                        [768, 768, 2]                 \n"},"type":"ws_msg"}
{"payload":{"local_timestamp":1680981328222,"stderr":true,"stdout":"  9                -1  1   1476864  models.common.SPPF                      [768, 768, 5]                 \n"},"type":"ws_msg"}
{"payload":{"local_timestamp":1680981328224,"stderr":true,"stdout":" 10                -1  1    295680  models.common.Conv                      [768, 384, 1, 1]              \n"},"type":"ws_msg"}
{"payload":{"local_timestamp":1680981328225,"stderr":true,"stdout":" 11                -1  1         0  torch.nn.modules.upsampling.Upsample    [None, 2, 'nearest']          \n"},"type":"ws_msg"}
{"payload":{"local_timestamp":1680981328226,"stderr":true,"stdout":" 12           [-1, 6]  1         0  models.common.Concat                    [1]                           \n"},"type":"ws_msg"}
{"payload":{"local_timestamp":1680981328233,"stderr":true,"stdout":" 13                -1  2   1182720  models.common.C3                        [768, 384, 2, False]          \n"},"type":"ws_msg"}
{"payload":{"local_timestamp":1680981328234,"stderr":true,"stdout":" 14                -1  1     74112  models.common.Conv                      [384, 192, 1, 1]              \n"},"type":"ws_msg"}
{"payload":{"local_timestamp":1680981328235,"stderr":true,"stdout":" 15                -1  1         0  torch.nn.modules.upsampling.Upsample    [None, 2, 'nearest']          \n"},"type":"ws_msg"}
{"payload":{"local_timestamp":1680981328236,"stderr":true,"stdout":" 16           [-1, 4]  1         0  models.common.Concat                    [1]                           \n"},"type":"ws_msg"}
{"payload":{"local_timestamp":1680981328240,"stderr":true,"stdout":" 17                -1  2    296448  models.common.C3                        [384, 192, 2, False]          \n"},"type":"ws_msg"}
{"payload":{"local_timestamp":1680981328242,"stderr":true,"stdout":" 18                -1  1    332160  models.common.Conv                      [192, 192, 3, 2]              \n"},"type":"ws_msg"}
{"payload":{"local_timestamp":1680981328242,"stderr":true,"stdout":" 19          [-1, 14]  1         0  models.common.Concat                    [1]                           \n"},"type":"ws_msg"}
{"payload":{"local_timestamp":1680981328249,"stderr":true,"stdout":" 20                -1  2   1035264  models.common.C3                        [384, 384, 2, False]          \n"},"type":"ws_msg"}
{"payload":{"local_timestamp":1680981328254,"stderr":true,"stdout":" 21                -1  1   1327872  models.common.Conv                      [384, 384, 3, 2]              \n"},"type":"ws_msg"}
{"payload":{"local_timestamp":1680981328255,"stderr":true,"stdout":" 22          [-1, 10]  1         0  models.common.Concat                    [1]                           \n"},"type":"ws_msg"}
{"payload":{"local_timestamp":1680981328270,"stderr":true,"stdout":" 23                -1  2   4134912  models.common.C3                        [768, 768, 2, False]          \n"},"type":"ws_msg"}
{"payload":{"local_timestamp":1680981328276,"stderr":true,"stdout":" 24      [17, 20, 23]  1    133353  models.yolo.Detect                      [28, [[10, 13, 16, 30, 33, 23], [30, 61, 62, 45, 59, 119], [116, 90, 156, 198, 373, 326]], [192, 384, 768]]\n"},"type":"ws_msg"}
{"payload":{"git_meta":{"branch":"refs/heads/master","origin":"https://github.com/ultralytics/yolov5","parent":"23c492321290266810e08fa5ee9a23fc9d6a571f","repo_name":"yolov5","root":"1e84a23f38fad9e52b59101e9f1246d93066ed1e","status":null,"user":"eppatten"},"local_timestamp":1680981328357},"type":"ws_msg"}
{"payload":{"local_timestamp":1680981328359,"stderr":true,"stdout":"COMET WARNING: Unknown error exporting current conda environment\n"},"type":"ws_msg"}
{"payload":{"local_timestamp":1680981328360,"stderr":true,"stdout":"COMET WARNING: Unknown error retrieving Conda package as an explicit file\n"},"type":"ws_msg"}
{"payload":{"local_timestamp":1680981328362,"stderr":true,"stdout":"COMET WARNING: Unknown error retrieving Conda information\n"},"type":"ws_msg"}
{"payload":{"local_timestamp":1680981328529,"stderr":true,"stdout":"Model summary: 291 layers, 20980425 parameters, 20980425 gradients, 48.6 GFLOPs\n"},"type":"ws_msg"}
{"payload":{"local_timestamp":1680981328531,"stderr":true,"stdout":"\n"},"type":"ws_msg"}
{"payload":{"local_timestamp":1680981328572,"stderr":true,"stdout":"Transferred 475/481 items from yolov5m.pt\n"},"type":"ws_msg"}
{"payload":{"local_timestamp":1680981328574,"stderr":true,"stdout":"\u001b[34m\u001b[1moptimizer:\u001b[0m SGD(lr=0.01) with parameter groups 79 weight(decay=0.0), 82 weight(decay=0.0005), 82 bias\n"},"type":"ws_msg"}
{"payload":{"local_timestamp":1680981329007,"stderr":true,"stdout":"\r\u001b[34m\u001b[1mtrain: \u001b[0mScanning C:\\Users\\Eppat\\recycleDetectionMain\\datasets\\WaRP\\Warp-D\\train\\labels.cache... 2452 images, 0 backgrounds, 0 corrupt: 100%|\u2588\u2588\u2588\u2588\u2588\u2588\u2588\u2588\u2588\u2588| 2452/2452 [00:00<?, ?it/s]\u001b[0m"},"type":"ws_msg"}
{"payload":{"local_timestamp":1680981329007,"stderr":true,"stdout":"\r\u001b[34m\u001b[1mtrain: \u001b[0mScanning C:\\Users\\Eppat\\recycleDetectionMain\\datasets\\WaRP\\Warp-D\\train\\labels.cache... 2452 images, 0 backgrounds, 0 corrupt: 100%|\u2588\u2588\u2588\u2588\u2588\u2588\u2588\u2588\u2588\u2588| 2452/2452 [00:00<?, ?it/s]\u001b[0m"},"type":"ws_msg"}
{"payload":{"local_timestamp":1680981329007,"stderr":true,"stdout":"\n"},"type":"ws_msg"}
{"payload":{"local_timestamp":1680981354493,"stderr":true,"stdout":"\r\u001b[34m\u001b[1mval: \u001b[0mScanning C:\\Users\\Eppat\\recycleDetectionMain\\datasets\\WaRP\\Warp-D\\train\\labels.cache... 2452 images, 0 backgrounds, 0 corrupt: 100%|\u2588\u2588\u2588\u2588\u2588\u2588\u2588\u2588\u2588\u2588| 2452/2452 [00:00<?, ?it/s]\u001b[0m"},"type":"ws_msg"}
{"payload":{"local_timestamp":1680981354493,"stderr":true,"stdout":"\r\u001b[34m\u001b[1mval: \u001b[0mScanning C:\\Users\\Eppat\\recycleDetectionMain\\datasets\\WaRP\\Warp-D\\train\\labels.cache... 2452 images, 0 backgrounds, 0 corrupt: 100%|\u2588\u2588\u2588\u2588\u2588\u2588\u2588\u2588\u2588\u2588| 2452/2452 [00:00<?, ?it/s]\u001b[0m"},"type":"ws_msg"}
{"payload":{"local_timestamp":1680981354494,"stderr":true,"stdout":"\n"},"type":"ws_msg"}
{"payload":{"local_timestamp":1680981388681,"metric":{"epoch":null,"metricName":"sys.cpu.percent.avg","metricValue":12.084999999999999,"step":null}},"type":"metric_msg"}
{"payload":{"local_timestamp":1680981388681,"metric":{"epoch":null,"metricName":"sys.cpu.percent.01","metricValue":37.9,"step":null}},"type":"metric_msg"}
{"payload":{"local_timestamp":1680981388681,"metric":{"epoch":null,"metricName":"sys.cpu.percent.02","metricValue":1.5,"step":null}},"type":"metric_msg"}
{"payload":{"local_timestamp":1680981388681,"metric":{"epoch":null,"metricName":"sys.cpu.percent.03","metricValue":54.7,"step":null}},"type":"metric_msg"}
{"payload":{"local_timestamp":1680981388681,"metric":{"epoch":null,"metricName":"sys.cpu.percent.04","metricValue":3.1,"step":null}},"type":"metric_msg"}
{"payload":{"local_timestamp":1680981388681,"metric":{"epoch":null,"metricName":"sys.cpu.percent.05","metricValue":9.1,"step":null}},"type":"metric_msg"}
{"payload":{"local_timestamp":1680981388681,"metric":{"epoch":null,"metricName":"sys.cpu.percent.06","metricValue":1.7,"step":null}},"type":"metric_msg"}
{"payload":{"local_timestamp":1680981388681,"metric":{"epoch":null,"metricName":"sys.cpu.percent.07","metricValue":6.9,"step":null}},"type":"metric_msg"}
{"payload":{"local_timestamp":1680981388681,"metric":{"epoch":null,"metricName":"sys.cpu.percent.08","metricValue":1.6,"step":null}},"type":"metric_msg"}
{"payload":{"local_timestamp":1680981388681,"metric":{"epoch":null,"metricName":"sys.cpu.percent.09","metricValue":57.6,"step":null}},"type":"metric_msg"}
{"payload":{"local_timestamp":1680981388681,"metric":{"epoch":null,"metricName":"sys.cpu.percent.10","metricValue":3.2,"step":null}},"type":"metric_msg"}
{"payload":{"local_timestamp":1680981388681,"metric":{"epoch":null,"metricName":"sys.cpu.percent.11","metricValue":6.6,"step":null}},"type":"metric_msg"}
{"payload":{"local_timestamp":1680981388681,"metric":{"epoch":null,"metricName":"sys.cpu.percent.12","metricValue":1.2,"step":null}},"type":"metric_msg"}
{"payload":{"local_timestamp":1680981388681,"metric":{"epoch":null,"metricName":"sys.cpu.percent.13","metricValue":7.6,"step":null}},"type":"metric_msg"}
{"payload":{"local_timestamp":1680981388681,"metric":{"epoch":null,"metricName":"sys.cpu.percent.14","metricValue":6.9,"step":null}},"type":"metric_msg"}
{"payload":{"local_timestamp":1680981388681,"metric":{"epoch":null,"metricName":"sys.cpu.percent.15","metricValue":6.9,"step":null}},"type":"metric_msg"}
{"payload":{"local_timestamp":1680981388681,"metric":{"epoch":null,"metricName":"sys.cpu.percent.16","metricValue":6.0,"step":null}},"type":"metric_msg"}
{"payload":{"local_timestamp":1680981388681,"metric":{"epoch":null,"metricName":"sys.cpu.percent.17","metricValue":6.0,"step":null}},"type":"metric_msg"}
{"payload":{"local_timestamp":1680981388681,"metric":{"epoch":null,"metricName":"sys.cpu.percent.18","metricValue":6.4,"step":null}},"type":"metric_msg"}
{"payload":{"local_timestamp":1680981388681,"metric":{"epoch":null,"metricName":"sys.cpu.percent.19","metricValue":7.3,"step":null}},"type":"metric_msg"}
{"payload":{"local_timestamp":1680981388681,"metric":{"epoch":null,"metricName":"sys.cpu.percent.20","metricValue":9.5,"step":null}},"type":"metric_msg"}
{"payload":{"local_timestamp":1680981388681,"metric":{"epoch":null,"metricName":"sys.load.avg","metricValue":0.0,"step":null}},"type":"metric_msg"}
{"payload":{"local_timestamp":1680981388681,"metric":{"epoch":null,"metricName":"sys.ram.total","metricValue":34046443520,"step":null}},"type":"metric_msg"}
{"payload":{"local_timestamp":1680981388681,"metric":{"epoch":null,"metricName":"sys.ram.used","metricValue":11117084672,"step":null}},"type":"metric_msg"}
{"payload":{"local_timestamp":1680981406312,"stderr":true,"stdout":"\n\u001b[34m\u001b[1mAutoAnchor: \u001b[0m5.73 anchors/target, 1.000 Best Possible Recall (BPR). Current anchors are a good fit to dataset \n"},"type":"ws_msg"}
{"payload":{"local_timestamp":1680981406353,"stderr":true,"stdout":"Plotting labels to runs\\train\\exp4\\labels.jpg... \n"},"type":"ws_msg"}
{"payload":{"additional_params":{"assetId":"0b7e0fc540ad47959ebb97b82f8d9b9a","context":null,"extension":"jpg","fileName":"labels.jpg","overwrite":false,"runId":null,"step":null},"clean":true,"file_path":"tmpcxi7afex","local_timestamp":1680981409925,"metadata":{},"upload_type":"asset"},"type":"file_upload"}
{"payload":{"additional_params":{"assetId":"73baf3a4bd274cf4ad394b965db9959e","context":null,"extension":"jpg","fileName":"labels_correlogram.jpg","overwrite":false,"runId":null,"step":null},"clean":true,"file_path":"tmpflz7ww1r","local_timestamp":1680981409934,"metadata":{},"upload_type":"asset"},"type":"file_upload"}
{"payload":{"local_timestamp":1680981409935,"param":{"paramName":"cls","paramValue":0.17499999999999996,"source":"manual","step":null}},"type":"parameter_msg"}
{"payload":{"local_timestamp":1680981409936,"stderr":true,"stdout":"Image sizes 640 train, 640 val\nUsing 8 dataloader workers\nLogging results to \u001b[1mruns\\train\\exp4\u001b[0m\nStarting training for 100 epochs...\n"},"type":"ws_msg"}
{"payload":{"local_timestamp":1680981409939,"stderr":true,"stdout":"\n      Epoch    GPU_mem   box_loss   obj_loss   cls_loss  Instances       Size\n"},"type":"ws_msg"}
{"payload":{"local_timestamp":1680981409941,"stderr":true,"stdout":"\r  0%|          | 0/77 [00:00<?, ?it/s]"},"type":"ws_msg"}
{"payload":{"local_timestamp":1680981428938,"stderr":true,"stdout":"\r       0/99         0G     0.1119    0.05397    0.08703        218        640:   0%|          | 0/77 [00:18<?, ?it/s]"},"type":"ws_msg"}
{"payload":{"local_timestamp":1680981432265,"stderr":true,"stdout":"\r       0/99         0G     0.1119    0.05397    0.08703        218        640:   1%|\u258f         | 1/77 [00:22<28:16, 22.32s/it]"},"type":"ws_msg"}
{"payload":{"local_timestamp":1680981449369,"metric":{"epoch":null,"metricName":"sys.cpu.percent.avg","metricValue":47.37500000000001,"step":0}},"type":"metric_msg"}
{"payload":{"local_timestamp":1680981449369,"metric":{"epoch":null,"metricName":"sys.cpu.percent.01","metricValue":60.9,"step":0}},"type":"metric_msg"}
{"payload":{"local_timestamp":1680981449369,"metric":{"epoch":null,"metricName":"sys.cpu.percent.02","metricValue":32.4,"step":0}},"type":"metric_msg"}
{"payload":{"local_timestamp":1680981449369,"metric":{"epoch":null,"metricName":"sys.cpu.percent.03","metricValue":68.5,"step":0}},"type":"metric_msg"}
{"payload":{"local_timestamp":1680981449369,"metric":{"epoch":null,"metricName":"sys.cpu.percent.04","metricValue":51.3,"step":0}},"type":"metric_msg"}
{"payload":{"local_timestamp":1680981449369,"metric":{"epoch":null,"metricName":"sys.cpu.percent.05","metricValue":47.4,"step":0}},"type":"metric_msg"}
{"payload":{"local_timestamp":1680981449369,"metric":{"epoch":null,"metricName":"sys.cpu.percent.06","metricValue":32.8,"step":0}},"type":"metric_msg"}
{"payload":{"local_timestamp":1680981449369,"metric":{"epoch":null,"metricName":"sys.cpu.percent.07","metricValue":48.1,"step":0}},"type":"metric_msg"}
{"payload":{"local_timestamp":1680981449369,"metric":{"epoch":null,"metricName":"sys.cpu.percent.08","metricValue":27.1,"step":0}},"type":"metric_msg"}
{"payload":{"local_timestamp":1680981449369,"metric":{"epoch":null,"metricName":"sys.cpu.percent.09","metricValue":71.5,"step":0}},"type":"metric_msg"}
{"payload":{"local_timestamp":1680981449369,"metric":{"epoch":null,"metricName":"sys.cpu.percent.10","metricValue":51.8,"step":0}},"type":"metric_msg"}
{"payload":{"local_timestamp":1680981449369,"metric":{"epoch":null,"metricName":"sys.cpu.percent.11","metricValue":44.0,"step":0}},"type":"metric_msg"}
{"payload":{"local_timestamp":1680981449369,"metric":{"epoch":null,"metricName":"sys.cpu.percent.12","metricValue":30.7,"step":0}},"type":"metric_msg"}
{"payload":{"local_timestamp":1680981449369,"metric":{"epoch":null,"metricName":"sys.cpu.percent.13","metricValue":50.5,"step":0}},"type":"metric_msg"}
{"payload":{"local_timestamp":1680981449370,"metric":{"epoch":null,"metricName":"sys.cpu.percent.14","metricValue":44.8,"step":0}},"type":"metric_msg"}
{"payload":{"local_timestamp":1680981449370,"metric":{"epoch":null,"metricName":"sys.cpu.percent.15","metricValue":47.7,"step":0}},"type":"metric_msg"}
{"payload":{"local_timestamp":1680981449370,"metric":{"epoch":null,"metricName":"sys.cpu.percent.16","metricValue":47.5,"step":0}},"type":"metric_msg"}
{"payload":{"local_timestamp":1680981449370,"metric":{"epoch":null,"metricName":"sys.cpu.percent.17","metricValue":49.9,"step":0}},"type":"metric_msg"}
{"payload":{"local_timestamp":1680981449370,"metric":{"epoch":null,"metricName":"sys.cpu.percent.18","metricValue":46.6,"step":0}},"type":"metric_msg"}
{"payload":{"local_timestamp":1680981449370,"metric":{"epoch":null,"metricName":"sys.cpu.percent.19","metricValue":46.4,"step":0}},"type":"metric_msg"}
{"payload":{"local_timestamp":1680981449370,"metric":{"epoch":null,"metricName":"sys.cpu.percent.20","metricValue":47.6,"step":0}},"type":"metric_msg"}
{"payload":{"local_timestamp":1680981449370,"metric":{"epoch":null,"metricName":"sys.load.avg","metricValue":1.16,"step":0}},"type":"metric_msg"}
{"payload":{"local_timestamp":1680981449370,"metric":{"epoch":null,"metricName":"sys.ram.total","metricValue":34046443520,"step":0}},"type":"metric_msg"}
{"payload":{"local_timestamp":1680981449370,"metric":{"epoch":null,"metricName":"sys.ram.used","metricValue":15924330496,"step":0}},"type":"metric_msg"}
{"payload":{"local_timestamp":1680981449913,"stderr":true,"stdout":"\r       0/99         0G     0.1116    0.05179    0.08702        190        640:   1%|\u258f         | 1/77 [00:39<28:16, 22.32s/it]"},"type":"ws_msg"}
{"payload":{"local_timestamp":1680981449914,"stderr":true,"stdout":"\r       0/99         0G     0.1116    0.05179    0.08702        190        640:   3%|\u258e         | 2/77 [00:39<24:28, 19.57s/it]"},"type":"ws_msg"}
{"payload":{"local_timestamp":1680981467424,"stderr":true,"stdout":"\r       0/99         0G     0.1111    0.05337     0.0871        228        640:   3%|\u258e         | 2/77 [00:57<24:28, 19.57s/it]"},"type":"ws_msg"}
{"payload":{"local_timestamp":1680981467424,"stderr":true,"stdout":"\r       0/99         0G     0.1111    0.05337     0.0871        228        640:   4%|\u258d         | 3/77 [00:57<22:58, 18.63s/it]"},"type":"ws_msg"}
{"payload":{"local_timestamp":1680981484940,"stderr":true,"stdout":"\r       0/99         0G      0.111    0.05312    0.08704        203        640:   4%|\u258d         | 3/77 [01:14<22:58, 18.63s/it]"},"type":"ws_msg"}
{"payload":{"local_timestamp":1680981484940,"stderr":true,"stdout":"\r       0/99         0G      0.111    0.05312    0.08704        203        640:   5%|\u258c         | 4/77 [01:14<22:07, 18.19s/it]"},"type":"ws_msg"}
{"payload":{"local_timestamp":1680981502576,"stderr":true,"stdout":"\r       0/99         0G     0.1104    0.05483    0.08697        244        640:   5%|\u258c         | 4/77 [01:32<22:07, 18.19s/it]"},"type":"ws_msg"}
{"payload":{"local_timestamp":1680981502576,"stderr":true,"stdout":"\r       0/99         0G     0.1104    0.05483    0.08697        244        640:   6%|\u258b         | 5/77 [01:32<21:35, 17.99s/it]"},"type":"ws_msg"}
{"payload":{"local_timestamp":1680981510019,"metric":{"epoch":null,"metricName":"sys.cpu.percent.avg","metricValue":63.654999999999994,"step":4}},"type":"metric_msg"}
{"payload":{"local_timestamp":1680981510019,"metric":{"epoch":null,"metricName":"sys.cpu.percent.01","metricValue":73.4,"step":4}},"type":"metric_msg"}
{"payload":{"local_timestamp":1680981510019,"metric":{"epoch":null,"metricName":"sys.cpu.percent.02","metricValue":43.1,"step":4}},"type":"metric_msg"}
{"payload":{"local_timestamp":1680981510019,"metric":{"epoch":null,"metricName":"sys.cpu.percent.03","metricValue":73.3,"step":4}},"type":"metric_msg"}
{"payload":{"local_timestamp":1680981510019,"metric":{"epoch":null,"metricName":"sys.cpu.percent.04","metricValue":75.9,"step":4}},"type":"metric_msg"}
{"payload":{"local_timestamp":1680981510019,"metric":{"epoch":null,"metricName":"sys.cpu.percent.05","metricValue":69.0,"step":4}},"type":"metric_msg"}
{"payload":{"local_timestamp":1680981510019,"metric":{"epoch":null,"metricName":"sys.cpu.percent.06","metricValue":43.2,"step":4}},"type":"metric_msg"}
{"payload":{"local_timestamp":1680981510019,"metric":{"epoch":null,"metricName":"sys.cpu.percent.07","metricValue":70.7,"step":4}},"type":"metric_msg"}
{"payload":{"local_timestamp":1680981510019,"metric":{"epoch":null,"metricName":"sys.cpu.percent.08","metricValue":36.9,"step":4}},"type":"metric_msg"}
{"payload":{"local_timestamp":1680981510019,"metric":{"epoch":null,"metricName":"sys.cpu.percent.09","metricValue":73.8,"step":4}},"type":"metric_msg"}
{"payload":{"local_timestamp":1680981510019,"metric":{"epoch":null,"metricName":"sys.cpu.percent.10","metricValue":76.3,"step":4}},"type":"metric_msg"}
{"payload":{"local_timestamp":1680981510019,"metric":{"epoch":null,"metricName":"sys.cpu.percent.11","metricValue":65.5,"step":4}},"type":"metric_msg"}
{"payload":{"local_timestamp":1680981510019,"metric":{"epoch":null,"metricName":"sys.cpu.percent.12","metricValue":39.7,"step":4}},"type":"metric_msg"}
{"payload":{"local_timestamp":1680981510019,"metric":{"epoch":null,"metricName":"sys.cpu.percent.13","metricValue":70.5,"step":4}},"type":"metric_msg"}
{"payload":{"local_timestamp":1680981510019,"metric":{"epoch":null,"metricName":"sys.cpu.percent.14","metricValue":62.1,"step":4}},"type":"metric_msg"}
{"payload":{"local_timestamp":1680981510019,"metric":{"epoch":null,"metricName":"sys.cpu.percent.15","metricValue":68.5,"step":4}},"type":"metric_msg"}
{"payload":{"local_timestamp":1680981510019,"metric":{"epoch":null,"metricName":"sys.cpu.percent.16","metricValue":65.5,"step":4}},"type":"metric_msg"}
{"payload":{"local_timestamp":1680981510019,"metric":{"epoch":null,"metricName":"sys.cpu.percent.17","metricValue":68.9,"step":4}},"type":"metric_msg"}
{"payload":{"local_timestamp":1680981510019,"metric":{"epoch":null,"metricName":"sys.cpu.percent.18","metricValue":66.0,"step":4}},"type":"metric_msg"}
{"payload":{"local_timestamp":1680981510019,"metric":{"epoch":null,"metricName":"sys.cpu.percent.19","metricValue":62.7,"step":4}},"type":"metric_msg"}
{"payload":{"local_timestamp":1680981510019,"metric":{"epoch":null,"metricName":"sys.cpu.percent.20","metricValue":68.1,"step":4}},"type":"metric_msg"}
{"payload":{"local_timestamp":1680981510019,"metric":{"epoch":null,"metricName":"sys.load.avg","metricValue":0.66,"step":4}},"type":"metric_msg"}
{"payload":{"local_timestamp":1680981510019,"metric":{"epoch":null,"metricName":"sys.ram.total","metricValue":34046443520,"step":4}},"type":"metric_msg"}
{"payload":{"local_timestamp":1680981510019,"metric":{"epoch":null,"metricName":"sys.ram.used","metricValue":30264381440,"step":4}},"type":"metric_msg"}
{"payload":{"local_timestamp":1680981520093,"stderr":true,"stdout":"\r       0/99         0G     0.1099    0.05594    0.08707        239        640:   6%|\u258b         | 5/77 [01:50<21:35, 17.99s/it]"},"type":"ws_msg"}
{"payload":{"local_timestamp":1680981520094,"stderr":true,"stdout":"\r       0/99         0G     0.1099    0.05594    0.08707        239        640:   8%|\u258a         | 6/77 [01:50<21:05, 17.83s/it]"},"type":"ws_msg"}
{"payload":{"local_timestamp":1680981537702,"stderr":true,"stdout":"\r       0/99         0G     0.1094    0.05543    0.08696        185        640:   8%|\u258a         | 6/77 [02:07<21:05, 17.83s/it]"},"type":"ws_msg"}
{"payload":{"local_timestamp":1680981537703,"stderr":true,"stdout":"\r       0/99         0G     0.1094    0.05543    0.08696        185        640:   9%|\u2589         | 7/77 [02:07<20:43, 17.76s/it]"},"type":"ws_msg"}
{"payload":{"local_timestamp":1680981555343,"stderr":true,"stdout":"\r       0/99         0G     0.1094    0.05543    0.08696        185        640:   9%|\u2589         | 7/77 [02:25<24:14, 20.77s/it]"},"type":"ws_msg"}
{"payload":{"local_timestamp":1680981555343,"stderr":true,"stdout":"\n"},"type":"ws_msg"}
{"payload":{"local_timestamp":1680981555344,"stderr":true,"stdout":"Traceback (most recent call last):\n"},"type":"ws_msg"}
{"payload":{"local_timestamp":1680981555345,"stderr":true,"stdout":"  File \"train.py\", line 640, in <module>\n"},"type":"ws_msg"}
{"payload":{"local_timestamp":1680981555345,"stderr":true,"stdout":"    "},"type":"ws_msg"}
{"payload":{"local_timestamp":1680981555345,"stderr":true,"stdout":"main(opt)"},"type":"ws_msg"}
{"payload":{"local_timestamp":1680981555345,"stderr":true,"stdout":"\n"},"type":"ws_msg"}
{"payload":{"local_timestamp":1680981555345,"stderr":true,"stdout":"  File \"train.py\", line 529, in main\n"},"type":"ws_msg"}
{"payload":{"local_timestamp":1680981555346,"stderr":true,"stdout":"    "},"type":"ws_msg"}
{"payload":{"local_timestamp":1680981555346,"stderr":true,"stdout":"train(opt.hyp, opt, device, callbacks)"},"type":"ws_msg"}
{"payload":{"local_timestamp":1680981555346,"stderr":true,"stdout":"\n"},"type":"ws_msg"}
{"payload":{"local_timestamp":1680981555346,"stderr":true,"stdout":"  File \"train.py\", line 318, in train\n"},"type":"ws_msg"}
{"payload":{"local_timestamp":1680981555346,"stderr":true,"stdout":"    "},"type":"ws_msg"}
{"payload":{"local_timestamp":1680981555346,"stderr":true,"stdout":"scaler.scale(loss).backward()"},"type":"ws_msg"}
{"payload":{"local_timestamp":1680981555346,"stderr":true,"stdout":"\n"},"type":"ws_msg"}
{"payload":{"local_timestamp":1680981555346,"stderr":true,"stdout":"  File \"C:\\Users\\Eppat\\anaconda3\\envs\\recycleDetection\\lib\\site-packages\\torch\\_tensor.py\", line 487, in backward\n"},"type":"ws_msg"}
{"payload":{"local_timestamp":1680981555357,"stderr":true,"stdout":"    "},"type":"ws_msg"}
{"payload":{"local_timestamp":1680981555357,"stderr":true,"stdout":"torch.autograd.backward("},"type":"ws_msg"}
{"payload":{"local_timestamp":1680981555357,"stderr":true,"stdout":"\n"},"type":"ws_msg"}
{"payload":{"local_timestamp":1680981555358,"stderr":true,"stdout":"  File \"C:\\Users\\Eppat\\anaconda3\\envs\\recycleDetection\\lib\\site-packages\\torch\\autograd\\__init__.py\", line 200, in backward\n"},"type":"ws_msg"}
{"payload":{"local_timestamp":1680981555359,"stderr":true,"stdout":"    "},"type":"ws_msg"}
{"payload":{"local_timestamp":1680981555359,"stderr":true,"stdout":"Variable._execution_engine.run_backward(  # Calls into the C++ engine to run the backward pass"},"type":"ws_msg"}
{"payload":{"local_timestamp":1680981555359,"stderr":true,"stdout":"\n"},"type":"ws_msg"}
{"payload":{"local_timestamp":1680981555359,"stderr":true,"stdout":"KeyboardInterrupt"},"type":"ws_msg"}
{"payload":{"local_timestamp":1680981555359,"stderr":true,"stdout":"\n"},"type":"ws_msg"}
{"payload":{"local_timestamp":1680981555360,"stderr":true,"stdout":"COMET INFO: ---------------------------------------------------------------------------------------\n"},"type":"ws_msg"}
{"payload":{"local_timestamp":1680981555360,"stderr":true,"stdout":"COMET INFO: Comet.ml OfflineExperiment Summary\n"},"type":"ws_msg"}
{"payload":{"local_timestamp":1680981555360,"stderr":true,"stdout":"COMET INFO: ---------------------------------------------------------------------------------------\n"},"type":"ws_msg"}
{"payload":{"local_timestamp":1680981555360,"stderr":true,"stdout":"COMET INFO:   Data:\n"},"type":"ws_msg"}
{"payload":{"local_timestamp":1680981555360,"stderr":true,"stdout":"COMET INFO:     display_summary_level : 1\n"},"type":"ws_msg"}
{"payload":{"local_timestamp":1680981555360,"stderr":true,"stdout":"COMET INFO:     url                   : [OfflineExperiment will get URL after upload]\n"},"type":"ws_msg"}
{"payload":{"local_timestamp":1680981555361,"stderr":true,"stdout":"COMET INFO:   Others:\n"},"type":"ws_msg"}
{"payload":{"local_timestamp":1680981555361,"stderr":true,"stdout":"COMET INFO:     Created from                : YOLOv5\n"},"type":"ws_msg"}
{"payload":{"local_timestamp":1680981555361,"stderr":true,"stdout":"COMET INFO:     comet_log_batch_metrics     : False\n"},"type":"ws_msg"}
{"payload":{"local_timestamp":1680981555361,"stderr":true,"stdout":"COMET INFO:     comet_log_confusion_matrix  : True\n"},"type":"ws_msg"}
{"payload":{"local_timestamp":1680981555361,"stderr":true,"stdout":"COMET INFO:     comet_log_per_class_metrics : False\n"},"type":"ws_msg"}
{"payload":{"local_timestamp":1680981555361,"stderr":true,"stdout":"COMET INFO:     comet_max_image_uploads     : 100\n"},"type":"ws_msg"}
{"payload":{"local_timestamp":1680981555361,"stderr":true,"stdout":"COMET INFO:     comet_mode                  : online\n"},"type":"ws_msg"}
{"payload":{"local_timestamp":1680981555361,"stderr":true,"stdout":"COMET INFO:     comet_model_name            : yolov5\n"},"type":"ws_msg"}
{"payload":{"local_timestamp":1680981555361,"stderr":true,"stdout":"COMET INFO:     offline_experiment          : True\n"},"type":"ws_msg"}
{"payload":{"local_timestamp":1680981555362,"stderr":true,"stdout":"COMET INFO:   Parameters:\n"},"type":"ws_msg"}
{"payload":{"local_timestamp":1680981555363,"stderr":true,"stdout":"COMET INFO:     anchor_t           : 4.0\n"},"type":"ws_msg"}
{"payload":{"local_timestamp":1680981555364,"stderr":true,"stdout":"COMET INFO:     artifact_alias     : latest\n"},"type":"ws_msg"}
{"payload":{"local_timestamp":1680981555365,"stderr":true,"stdout":"COMET INFO:     batch_size         : 32\n"},"type":"ws_msg"}
{"payload":{"local_timestamp":1680981555365,"stderr":true,"stdout":"COMET INFO:     bbox_interval      : -1\n"},"type":"ws_msg"}
{"payload":{"local_timestamp":1680981555366,"stderr":true,"stdout":"COMET INFO:     box                : 0.05\n"},"type":"ws_msg"}
{"payload":{"local_timestamp":1680981555367,"stderr":true,"stdout":"COMET INFO:     bucket             : \n"},"type":"ws_msg"}
{"payload":{"local_timestamp":1680981555368,"stderr":true,"stdout":"COMET INFO:     cache              : 1\n"},"type":"ws_msg"}
{"payload":{"local_timestamp":1680981555369,"stderr":true,"stdout":"COMET INFO:     cfg                : \n"},"type":"ws_msg"}
{"payload":{"local_timestamp":1680981555370,"stderr":true,"stdout":"COMET INFO:     cls                : 0.17499999999999996\n"},"type":"ws_msg"}
{"payload":{"local_timestamp":1680981555370,"stderr":true,"stdout":"COMET INFO:     cls_pw             : 1.0\n"},"type":"ws_msg"}
{"payload":{"local_timestamp":1680981555371,"stderr":true,"stdout":"COMET INFO:     copy_paste         : 0.0\n"},"type":"ws_msg"}
{"payload":{"local_timestamp":1680981555372,"stderr":true,"stdout":"COMET INFO:     cos_lr             : False\n"},"type":"ws_msg"}
{"payload":{"local_timestamp":1680981555376,"stderr":true,"stdout":"COMET INFO:     degrees            : 0.0\n"},"type":"ws_msg"}
{"payload":{"local_timestamp":1680981555377,"stderr":true,"stdout":"COMET INFO:     device             : \n"},"type":"ws_msg"}
{"payload":{"local_timestamp":1680981555378,"stderr":true,"stdout":"COMET INFO:     entity             : 1\n"},"type":"ws_msg"}
{"payload":{"local_timestamp":1680981555379,"stderr":true,"stdout":"COMET INFO:     evolve             : 1\n"},"type":"ws_msg"}
{"payload":{"local_timestamp":1680981555380,"stderr":true,"stdout":"COMET INFO:     exist_ok           : False\n"},"type":"ws_msg"}
{"payload":{"local_timestamp":1680981555380,"stderr":true,"stdout":"COMET INFO:     fl_gamma           : 0.0\n"},"type":"ws_msg"}
{"payload":{"local_timestamp":1680981555381,"stderr":true,"stdout":"COMET INFO:     fliplr             : 0.5\n"},"type":"ws_msg"}
{"payload":{"local_timestamp":1680981555382,"stderr":true,"stdout":"COMET INFO:     flipud             : 0.0\n"},"type":"ws_msg"}
{"payload":{"local_timestamp":1680981555383,"stderr":true,"stdout":"COMET INFO:     freeze             : [0]\n"},"type":"ws_msg"}
{"payload":{"local_timestamp":1680981555383,"stderr":true,"stdout":"COMET INFO:     hsv_h              : 0.015\n"},"type":"ws_msg"}
{"payload":{"local_timestamp":1680981555384,"stderr":true,"stdout":"COMET INFO:     hsv_s              : 0.7\n"},"type":"ws_msg"}
{"payload":{"local_timestamp":1680981555385,"stderr":true,"stdout":"COMET INFO:     hsv_v              : 0.4\n"},"type":"ws_msg"}
{"payload":{"local_timestamp":1680981555386,"stderr":true,"stdout":"COMET INFO:     hyp                : {\"anchor_t\": 4.0, \"box\": 0.05, \"cls\": 0.5, \"cls_pw\": 1.0, \"copy_paste\": 0.0, \"degrees\": 0.0, \"fl_gamma\": 0.0, \"fliplr\": 0.5, \"flipud\": 0.0, \"hsv_h\": 0.015, \"hsv_s\": 0.7, \"hsv_v\": 0.4, \"iou_t\": 0.2, \"lr0\": 0.01, \"lrf\": 0.01, \"mixup\": 0.0, \"momentum\": 0.937, \"mosaic\": 1.0, \"obj\": 1.0, \"obj_pw\": 1.0, \"perspective\": 0.0, \"scale\": 0.5, \"shear\": 0.0, \"translate\": 0.1, \"warmup_bias_lr\": 0.1, \"warmup_epochs\": 3.0, \"warmup_momentum\": 0.8, \"weight_decay\": 0.0005}\n"},"type":"ws_msg"}
{"payload":{"local_timestamp":1680981555387,"stderr":true,"stdout":"COMET INFO:     image_weights      : False\n"},"type":"ws_msg"}
{"payload":{"local_timestamp":1680981555389,"stderr":true,"stdout":"COMET INFO:     imgsz              : 640\n"},"type":"ws_msg"}
{"payload":{"local_timestamp":1680981555390,"stderr":true,"stdout":"COMET INFO:     iou_t              : 0.2\n"},"type":"ws_msg"}
{"payload":{"local_timestamp":1680981555391,"stderr":true,"stdout":"COMET INFO:     label_smoothing    : 0.0\n"},"type":"ws_msg"}
{"payload":{"local_timestamp":1680981555392,"stderr":true,"stdout":"COMET INFO:     local_rank         : -1\n"},"type":"ws_msg"}
{"payload":{"local_timestamp":1680981555393,"stderr":true,"stdout":"COMET INFO:     lr0                : 0.01\n"},"type":"ws_msg"}
{"payload":{"local_timestamp":1680981555393,"stderr":true,"stdout":"COMET INFO:     lrf                : 0.01\n"},"type":"ws_msg"}
{"payload":{"local_timestamp":1680981555394,"stderr":true,"stdout":"COMET INFO:     mixup              : 0.0\n"},"type":"ws_msg"}
{"payload":{"local_timestamp":1680981555395,"stderr":true,"stdout":"COMET INFO:     momentum           : 0.937\n"},"type":"ws_msg"}
{"payload":{"local_timestamp":1680981555396,"stderr":true,"stdout":"COMET INFO:     mosaic             : 1.0\n"},"type":"ws_msg"}
{"payload":{"local_timestamp":1680981555397,"stderr":true,"stdout":"COMET INFO:     multi_scale        : False\n"},"type":"ws_msg"}
{"payload":{"local_timestamp":1680981555398,"stderr":true,"stdout":"COMET INFO:     name               : exp\n"},"type":"ws_msg"}
{"payload":{"local_timestamp":1680981555398,"stderr":true,"stdout":"COMET INFO:     noautoanchor       : False\n"},"type":"ws_msg"}
{"payload":{"local_timestamp":1680981555399,"stderr":true,"stdout":"COMET INFO:     noplots            : False\n"},"type":"ws_msg"}
{"payload":{"local_timestamp":1680981555400,"stderr":true,"stdout":"COMET INFO:     nosave             : False\n"},"type":"ws_msg"}
{"payload":{"local_timestamp":1680981555401,"stderr":true,"stdout":"COMET INFO:     noval              : False\n"},"type":"ws_msg"}
{"payload":{"local_timestamp":1680981555401,"stderr":true,"stdout":"COMET INFO:     obj                : 1.0\n"},"type":"ws_msg"}
{"payload":{"local_timestamp":1680981555402,"stderr":true,"stdout":"COMET INFO:     obj_pw             : 1.0\n"},"type":"ws_msg"}
{"payload":{"local_timestamp":1680981555403,"stderr":true,"stdout":"COMET INFO:     optimizer          : SGD\n"},"type":"ws_msg"}
{"payload":{"local_timestamp":1680981555406,"stderr":true,"stdout":"COMET INFO:     patience           : 100\n"},"type":"ws_msg"}
{"payload":{"local_timestamp":1680981555407,"stderr":true,"stdout":"COMET INFO:     perspective        : 0.0\n"},"type":"ws_msg"}
{"payload":{"local_timestamp":1680981555408,"stderr":true,"stdout":"COMET INFO:     project            : runs\\train\n"},"type":"ws_msg"}
{"payload":{"local_timestamp":1680981555409,"stderr":true,"stdout":"COMET INFO:     quad               : False\n"},"type":"ws_msg"}
{"payload":{"local_timestamp":1680981555409,"stderr":true,"stdout":"COMET INFO:     rect               : False\n"},"type":"ws_msg"}
{"payload":{"local_timestamp":1680981555410,"stderr":true,"stdout":"COMET INFO:     resume             : False\n"},"type":"ws_msg"}
{"payload":{"local_timestamp":1680981555411,"stderr":true,"stdout":"COMET INFO:     save_dir           : runs\\train\\exp4\n"},"type":"ws_msg"}
{"payload":{"local_timestamp":1680981555412,"stderr":true,"stdout":"COMET INFO:     save_period        : -1\n"},"type":"ws_msg"}
{"payload":{"local_timestamp":1680981555413,"stderr":true,"stdout":"COMET INFO:     scale              : 0.5\n"},"type":"ws_msg"}
{"payload":{"local_timestamp":1680981555413,"stderr":true,"stdout":"COMET INFO:     seed               : 0\n"},"type":"ws_msg"}
{"payload":{"local_timestamp":1680981555414,"stderr":true,"stdout":"COMET INFO:     shear              : 0.0\n"},"type":"ws_msg"}
{"payload":{"local_timestamp":1680981555415,"stderr":true,"stdout":"COMET INFO:     single_cls         : False\n"},"type":"ws_msg"}
{"payload":{"local_timestamp":1680981555416,"stderr":true,"stdout":"COMET INFO:     sync_bn            : False\n"},"type":"ws_msg"}
{"payload":{"local_timestamp":1680981555417,"stderr":true,"stdout":"COMET INFO:     translate          : 0.1\n"},"type":"ws_msg"}
{"payload":{"local_timestamp":1680981555418,"stderr":true,"stdout":"COMET INFO:     upload_dataset     : False\n"},"type":"ws_msg"}
{"payload":{"local_timestamp":1680981555418,"stderr":true,"stdout":"COMET INFO:     val_conf_threshold : 0.001\n"},"type":"ws_msg"}
{"payload":{"local_timestamp":1680981555419,"stderr":true,"stdout":"COMET INFO:     val_iou_threshold  : 0.6\n"},"type":"ws_msg"}
{"payload":{"local_timestamp":1680981555422,"stderr":true,"stdout":"COMET INFO:     warmup_bias_lr     : 0.1\n"},"type":"ws_msg"}
{"payload":{"local_timestamp":1680981555423,"stderr":true,"stdout":"COMET INFO:     warmup_epochs      : 3.0\n"},"type":"ws_msg"}
{"payload":{"local_timestamp":1680981555424,"stderr":true,"stdout":"COMET INFO:     warmup_momentum    : 0.8\n"},"type":"ws_msg"}
{"payload":{"local_timestamp":1680981555425,"stderr":true,"stdout":"COMET INFO:     weight_decay       : 0.0005\n"},"type":"ws_msg"}
{"payload":{"local_timestamp":1680981555426,"stderr":true,"stdout":"COMET INFO:     workers            : 8\n"},"type":"ws_msg"}
{"payload":{"local_timestamp":1680981555426,"stderr":true,"stdout":"COMET INFO:   Uploads:\n"},"type":"ws_msg"}
{"payload":{"local_timestamp":1680981555427,"stderr":true,"stdout":"COMET INFO:     asset               : 5 (461.40 KB)\n"},"type":"ws_msg"}
{"payload":{"local_timestamp":1680981555428,"stderr":true,"stdout":"COMET INFO:     environment details : 1\n"},"type":"ws_msg"}
{"payload":{"local_timestamp":1680981555429,"stderr":true,"stdout":"COMET INFO:     git metadata        : 1\n"},"type":"ws_msg"}
{"payload":{"local_timestamp":1680981555429,"stderr":true,"stdout":"COMET INFO:     installed packages  : 1\n"},"type":"ws_msg"}
{"payload":{"local_timestamp":1680981555430,"stderr":true,"stdout":"COMET INFO: \n"},"type":"ws_msg"}
{"payload":{"local_timestamp":1680981555431,"stderr":true,"stdout":"COMET WARNING: Experiment Name is generated at upload time for Offline Experiments unless set explicitly with Experiment.set_name\n"},"type":"ws_msg"}
{"payload":{"local_timestamp":1680981555432,"stderr":true,"stdout":"COMET WARNING: Comet has disabled auto-logging functionality as it has been imported after the following ML modules: tensorboard, torch. Metrics and hyperparameters can still be logged using Experiment.log_metrics() and Experiment.log_parameters()\n"},"type":"ws_msg"}
{"payload":{"local_timestamp":1680981555432,"log_other":{"key":"sys.already_imported_modules","val":"[\"tensorboard\", \"torch\"]"}},"type":"ws_msg"}
