{"payload":{"installed_packages":["absl-py==1.4.0","attrs==22.2.0","cachetools==5.3.0","certifi==2022.12.7","charset-normalizer==3.1.0","colorama==0.4.6","comet-ml==3.32.6","configobj==5.0.8","contourpy==1.0.7","cycler==0.11.0","dulwich==0.21.3","everett==3.1.0","filelock==3.11.0","fonttools==4.39.3","gitdb==4.0.10","gitpython==3.1.31","google-auth-oauthlib==1.0.0","google-auth==2.17.2","grpcio==1.53.0","idna==3.4","importlib-metadata==6.2.0","importlib-resources==5.12.0","jinja2==3.1.2","jsonschema==4.17.3","kiwisolver==1.4.4","markdown==3.4.3","markupsafe==2.1.2","matplotlib==3.7.1","mpmath==1.3.0","networkx==3.1","numpy==1.24.2","oauthlib==3.2.2","opencv-python==4.7.0.72","packaging==23.0","pandas==2.0.0","pillow==9.5.0","pip==23.0.1","pkgutil-resolve-name==1.3.10","protobuf==4.22.1","psutil==5.9.4","pyasn1-modules==0.2.8","pyasn1==0.4.8","pyparsing==3.0.9","pyrsistent==0.19.3","python-box==6.1.0","python-dateutil==2.8.2","pytz==2023.3","pyyaml==6.0","requests-oauthlib==1.3.1","requests-toolbelt==0.10.1","requests==2.28.2","rsa==4.9","scipy==1.10.1","seaborn==0.12.2","semantic-version==2.10.0","sentry-sdk==1.19.1","setuptools==65.6.3","simplejson==3.19.1","six==1.16.0","smmap==5.0.0","sympy==1.11.1","tensorboard-data-server==0.7.0","tensorboard-plugin-wit==1.8.1","tensorboard==2.12.1","thop==0.1.1.post2209072238","torch==2.0.0","torchvision==0.15.1","tqdm==4.65.0","typing-extensions==4.5.0","tzdata==2023.3","urllib3==1.26.15","websocket-client==1.3.3","werkzeug==2.2.3","wheel==0.38.4","wincertstore==0.2","wrapt==1.15.0","wurlitzer==3.0.3","zipp==3.15.0"],"local_timestamp":1680981644952},"type":"ws_msg"}
{"payload":{"env_details":{"command":["train.py","--batch","10","--epochs","10","--data","../WaRP.yaml","--weights","yolov5m.ptt"],"env":null,"hostname":"DESKTOP-MBH01P1","ip":"10.153.59.58","machine":"AMD64","os":"Windows-10-10.0.19044-SP0","os_release":"10","os_type":"Windows","pid":2192,"processor":"Intel64 Family 6 Model 154 Stepping 3, GenuineIntel","python_exe":"C:\\Users\\Eppat\\anaconda3\\envs\\recycleDetection\\python.exe","python_version":"3.8.16","python_version_verbose":"3.8.16 (default, Mar  2 2023, 03:18:16) [MSC v.1916 64 bit (AMD64)]","user":"Eppat"},"local_timestamp":1680981645309},"type":"ws_msg"}
{"payload":{"gpu_static_info":[{"gpu_index":0,"name":"NVIDIA GeForce RTX 3060 Laptop GPU","power_limit":null,"total_memory":6442450944,"uuid":"GPU-fc1e9056-d92a-43f3-1355-f56a90353699"}],"local_timestamp":1680981646862},"type":"ws_msg"}
{"payload":{"local_timestamp":1680981646862,"metric":{"epoch":null,"metricName":"sys.gpu.0.total_memory","metricValue":6442450944,"step":null}},"type":"metric_msg"}
{"payload":{"local_timestamp":1680981646923,"metric":{"epoch":null,"metricName":"sys.cpu.percent.avg","metricValue":4.980000000000001,"step":null}},"type":"metric_msg"}
{"payload":{"local_timestamp":1680981646923,"metric":{"epoch":null,"metricName":"sys.cpu.percent.01","metricValue":18.5,"step":null}},"type":"metric_msg"}
{"payload":{"local_timestamp":1680981646923,"metric":{"epoch":null,"metricName":"sys.cpu.percent.02","metricValue":0.0,"step":null}},"type":"metric_msg"}
{"payload":{"local_timestamp":1680981646923,"metric":{"epoch":null,"metricName":"sys.cpu.percent.03","metricValue":24.7,"step":null}},"type":"metric_msg"}
{"payload":{"local_timestamp":1680981646923,"metric":{"epoch":null,"metricName":"sys.cpu.percent.04","metricValue":0.0,"step":null}},"type":"metric_msg"}
{"payload":{"local_timestamp":1680981646923,"metric":{"epoch":null,"metricName":"sys.cpu.percent.05","metricValue":0.7,"step":null}},"type":"metric_msg"}
{"payload":{"local_timestamp":1680981646923,"metric":{"epoch":null,"metricName":"sys.cpu.percent.06","metricValue":0.0,"step":null}},"type":"metric_msg"}
{"payload":{"local_timestamp":1680981646923,"metric":{"epoch":null,"metricName":"sys.cpu.percent.07","metricValue":0.0,"step":null}},"type":"metric_msg"}
{"payload":{"local_timestamp":1680981646923,"metric":{"epoch":null,"metricName":"sys.cpu.percent.08","metricValue":0.0,"step":null}},"type":"metric_msg"}
{"payload":{"local_timestamp":1680981646923,"metric":{"epoch":null,"metricName":"sys.cpu.percent.09","metricValue":44.3,"step":null}},"type":"metric_msg"}
{"payload":{"local_timestamp":1680981646923,"metric":{"epoch":null,"metricName":"sys.cpu.percent.10","metricValue":0.0,"step":null}},"type":"metric_msg"}
{"payload":{"local_timestamp":1680981646923,"metric":{"epoch":null,"metricName":"sys.cpu.percent.11","metricValue":0.0,"step":null}},"type":"metric_msg"}
{"payload":{"local_timestamp":1680981646923,"metric":{"epoch":null,"metricName":"sys.cpu.percent.12","metricValue":0.0,"step":null}},"type":"metric_msg"}
{"payload":{"local_timestamp":1680981646923,"metric":{"epoch":null,"metricName":"sys.cpu.percent.13","metricValue":0.7,"step":null}},"type":"metric_msg"}
{"payload":{"local_timestamp":1680981646923,"metric":{"epoch":null,"metricName":"sys.cpu.percent.14","metricValue":2.9,"step":null}},"type":"metric_msg"}
{"payload":{"local_timestamp":1680981646923,"metric":{"epoch":null,"metricName":"sys.cpu.percent.15","metricValue":0.4,"step":null}},"type":"metric_msg"}
{"payload":{"local_timestamp":1680981646923,"metric":{"epoch":null,"metricName":"sys.cpu.percent.16","metricValue":4.0,"step":null}},"type":"metric_msg"}
{"payload":{"local_timestamp":1680981646923,"metric":{"epoch":null,"metricName":"sys.cpu.percent.17","metricValue":0.4,"step":null}},"type":"metric_msg"}
{"payload":{"local_timestamp":1680981646923,"metric":{"epoch":null,"metricName":"sys.cpu.percent.18","metricValue":0.4,"step":null}},"type":"metric_msg"}
{"payload":{"local_timestamp":1680981646923,"metric":{"epoch":null,"metricName":"sys.cpu.percent.19","metricValue":2.6,"step":null}},"type":"metric_msg"}
{"payload":{"local_timestamp":1680981646923,"metric":{"epoch":null,"metricName":"sys.cpu.percent.20","metricValue":0.0,"step":null}},"type":"metric_msg"}
{"payload":{"local_timestamp":1680981646923,"metric":{"epoch":null,"metricName":"sys.load.avg","metricValue":0.0,"step":null}},"type":"metric_msg"}
{"payload":{"local_timestamp":1680981646923,"metric":{"epoch":null,"metricName":"sys.ram.total","metricValue":34046443520,"step":null}},"type":"metric_msg"}
{"payload":{"local_timestamp":1680981646923,"metric":{"epoch":null,"metricName":"sys.ram.used","metricValue":4672126976,"step":null}},"type":"metric_msg"}
{"payload":{"local_timestamp":1680981646923,"param":{"paramName":"batch","paramValue":10,"source":"cli","step":null}},"type":"parameter_msg"}
{"payload":{"local_timestamp":1680981646923,"param":{"paramName":"epochs","paramValue":10,"source":"cli","step":null}},"type":"parameter_msg"}
{"payload":{"local_timestamp":1680981646923,"param":{"paramName":"data","paramValue":"../WaRP.yaml","source":"cli","step":null}},"type":"parameter_msg"}
{"payload":{"local_timestamp":1680981646923,"param":{"paramName":"weights","paramValue":"yolov5m.ptt","source":"cli","step":null}},"type":"parameter_msg"}
{"payload":{"local_timestamp":1680981646923,"log_other":{"key":"offline_experiment","val":true}},"type":"ws_msg"}
{"payload":{"local_timestamp":1680981646933,"metric":{"epoch":null,"metricName":"sys.gpu.0.free_memory","metricValue":6300893184,"step":null}},"type":"metric_msg"}
{"payload":{"local_timestamp":1680981646933,"metric":{"epoch":null,"metricName":"sys.gpu.0.gpu_utilization","metricValue":0,"step":null}},"type":"metric_msg"}
{"payload":{"local_timestamp":1680981646933,"metric":{"epoch":null,"metricName":"sys.gpu.0.power_usage","metricValue":25495,"step":null}},"type":"metric_msg"}
{"payload":{"local_timestamp":1680981646933,"metric":{"epoch":null,"metricName":"sys.gpu.0.temperature","metricValue":41,"step":null}},"type":"metric_msg"}
{"payload":{"local_timestamp":1680981646933,"metric":{"epoch":null,"metricName":"sys.gpu.0.used_memory","metricValue":141557760,"step":null}},"type":"metric_msg"}
{"payload":{"additional_params":{"assetId":"8062368cac414ff3b5d0154ac52fab69","context":null,"extension":"yaml","fileName":"WaRP.yaml","overwrite":false,"runId":null,"step":null},"clean":true,"file_path":"tmp77sjqbpo","local_timestamp":1680981646933,"metadata":{"type":"data-config-file"},"upload_type":"asset"},"type":"file_upload"}
{"payload":{"local_timestamp":1680981646933,"log_other":{"key":"Created from","val":"YOLOv5"}},"type":"ws_msg"}
{"payload":{"local_timestamp":1680981646933,"param":{"paramName":"artifact_alias","paramValue":"latest","source":"manual","step":null}},"type":"parameter_msg"}
{"payload":{"local_timestamp":1680981646933,"param":{"paramName":"batch_size","paramValue":10,"source":"manual","step":null}},"type":"parameter_msg"}
{"payload":{"local_timestamp":1680981646933,"param":{"paramName":"bbox_interval","paramValue":-1,"source":"manual","step":null}},"type":"parameter_msg"}
{"payload":{"local_timestamp":1680981646933,"param":{"paramName":"bucket","paramValue":"","source":"manual","step":null}},"type":"parameter_msg"}
{"payload":{"local_timestamp":1680981646933,"param":{"paramName":"cache","paramValue":null,"source":"manual","step":null}},"type":"parameter_msg"}
{"payload":{"local_timestamp":1680981646933,"param":{"paramName":"cfg","paramValue":"","source":"manual","step":null}},"type":"parameter_msg"}
{"payload":{"local_timestamp":1680981646933,"param":{"paramName":"cos_lr","paramValue":false,"source":"manual","step":null}},"type":"parameter_msg"}
{"payload":{"local_timestamp":1680981646933,"param":{"paramName":"device","paramValue":"","source":"manual","step":null}},"type":"parameter_msg"}
{"payload":{"local_timestamp":1680981646933,"param":{"paramName":"entity","paramValue":null,"source":"manual","step":null}},"type":"parameter_msg"}
{"payload":{"local_timestamp":1680981646933,"param":{"paramName":"evolve","paramValue":null,"source":"manual","step":null}},"type":"parameter_msg"}
{"payload":{"local_timestamp":1680981646933,"param":{"paramName":"exist_ok","paramValue":false,"source":"manual","step":null}},"type":"parameter_msg"}
{"payload":{"local_timestamp":1680981646933,"params":{"paramName":"freeze","paramValue":[0],"source":"manual","step":null}},"type":"parameter_msg"}
{"payload":{"local_timestamp":1680981646933,"param":{"paramName":"hyp","paramValue":"{\"anchor_t\": 4.0, \"box\": 0.05, \"cls\": 0.5, \"cls_pw\": 1.0, \"copy_paste\": 0.0, \"degrees\": 0.0, \"fl_gamma\": 0.0, \"fliplr\": 0.5, \"flipud\": 0.0, \"hsv_h\": 0.015, \"hsv_s\": 0.7, \"hsv_v\": 0.4, \"iou_t\": 0.2, \"lr0\": 0.01, \"lrf\": 0.01, \"mixup\": 0.0, \"momentum\": 0.937, \"mosaic\": 1.0, \"obj\": 1.0, \"obj_pw\": 1.0, \"perspective\": 0.0, \"scale\": 0.5, \"shear\": 0.0, \"translate\": 0.1, \"warmup_bias_lr\": 0.1, \"warmup_epochs\": 3.0, \"warmup_momentum\": 0.8, \"weight_decay\": 0.0005}","source":"manual","step":null}},"type":"parameter_msg"}
{"payload":{"local_timestamp":1680981646933,"param":{"paramName":"image_weights","paramValue":false,"source":"manual","step":null}},"type":"parameter_msg"}
{"payload":{"local_timestamp":1680981646933,"param":{"paramName":"imgsz","paramValue":640,"source":"manual","step":null}},"type":"parameter_msg"}
{"payload":{"local_timestamp":1680981646933,"param":{"paramName":"label_smoothing","paramValue":0.0,"source":"manual","step":null}},"type":"parameter_msg"}
{"payload":{"local_timestamp":1680981646933,"param":{"paramName":"local_rank","paramValue":-1,"source":"manual","step":null}},"type":"parameter_msg"}
{"payload":{"local_timestamp":1680981646933,"param":{"paramName":"multi_scale","paramValue":false,"source":"manual","step":null}},"type":"parameter_msg"}
{"payload":{"local_timestamp":1680981646933,"param":{"paramName":"name","paramValue":"exp","source":"manual","step":null}},"type":"parameter_msg"}
{"payload":{"local_timestamp":1680981646933,"param":{"paramName":"noautoanchor","paramValue":false,"source":"manual","step":null}},"type":"parameter_msg"}
{"payload":{"local_timestamp":1680981646933,"param":{"paramName":"noplots","paramValue":false,"source":"manual","step":null}},"type":"parameter_msg"}
{"payload":{"local_timestamp":1680981646933,"param":{"paramName":"nosave","paramValue":false,"source":"manual","step":null}},"type":"parameter_msg"}
{"payload":{"local_timestamp":1680981646933,"param":{"paramName":"noval","paramValue":false,"source":"manual","step":null}},"type":"parameter_msg"}
{"payload":{"local_timestamp":1680981646933,"param":{"paramName":"optimizer","paramValue":"SGD","source":"manual","step":null}},"type":"parameter_msg"}
{"payload":{"local_timestamp":1680981646933,"param":{"paramName":"patience","paramValue":100,"source":"manual","step":null}},"type":"parameter_msg"}
{"payload":{"local_timestamp":1680981646933,"param":{"paramName":"project","paramValue":"runs\\train","source":"manual","step":null}},"type":"parameter_msg"}
{"payload":{"local_timestamp":1680981646933,"param":{"paramName":"quad","paramValue":false,"source":"manual","step":null}},"type":"parameter_msg"}
{"payload":{"local_timestamp":1680981646933,"param":{"paramName":"rect","paramValue":false,"source":"manual","step":null}},"type":"parameter_msg"}
{"payload":{"local_timestamp":1680981646933,"param":{"paramName":"resume","paramValue":false,"source":"manual","step":null}},"type":"parameter_msg"}
{"payload":{"local_timestamp":1680981646933,"param":{"paramName":"save_dir","paramValue":"runs\\train\\exp5","source":"manual","step":null}},"type":"parameter_msg"}
{"payload":{"local_timestamp":1680981646933,"param":{"paramName":"save_period","paramValue":-1,"source":"manual","step":null}},"type":"parameter_msg"}
{"payload":{"local_timestamp":1680981646933,"param":{"paramName":"seed","paramValue":0,"source":"manual","step":null}},"type":"parameter_msg"}
{"payload":{"local_timestamp":1680981646933,"param":{"paramName":"single_cls","paramValue":false,"source":"manual","step":null}},"type":"parameter_msg"}
{"payload":{"local_timestamp":1680981646933,"param":{"paramName":"sync_bn","paramValue":false,"source":"manual","step":null}},"type":"parameter_msg"}
{"payload":{"local_timestamp":1680981646933,"param":{"paramName":"upload_dataset","paramValue":false,"source":"manual","step":null}},"type":"parameter_msg"}
{"payload":{"local_timestamp":1680981646933,"param":{"paramName":"workers","paramValue":8,"source":"manual","step":null}},"type":"parameter_msg"}
{"payload":{"local_timestamp":1680981646933,"param":{"paramName":"anchor_t","paramValue":4.0,"source":"manual","step":null}},"type":"parameter_msg"}
{"payload":{"local_timestamp":1680981646933,"param":{"paramName":"box","paramValue":0.05,"source":"manual","step":null}},"type":"parameter_msg"}
{"payload":{"local_timestamp":1680981646933,"param":{"paramName":"cls","paramValue":0.5,"source":"manual","step":null}},"type":"parameter_msg"}
{"payload":{"local_timestamp":1680981646933,"param":{"paramName":"cls_pw","paramValue":1.0,"source":"manual","step":null}},"type":"parameter_msg"}
{"payload":{"local_timestamp":1680981646933,"param":{"paramName":"copy_paste","paramValue":0.0,"source":"manual","step":null}},"type":"parameter_msg"}
{"payload":{"local_timestamp":1680981646933,"param":{"paramName":"degrees","paramValue":0.0,"source":"manual","step":null}},"type":"parameter_msg"}
{"payload":{"local_timestamp":1680981646933,"param":{"paramName":"fl_gamma","paramValue":0.0,"source":"manual","step":null}},"type":"parameter_msg"}
{"payload":{"local_timestamp":1680981646933,"param":{"paramName":"fliplr","paramValue":0.5,"source":"manual","step":null}},"type":"parameter_msg"}
{"payload":{"local_timestamp":1680981646933,"param":{"paramName":"flipud","paramValue":0.0,"source":"manual","step":null}},"type":"parameter_msg"}
{"payload":{"local_timestamp":1680981646933,"param":{"paramName":"hsv_h","paramValue":0.015,"source":"manual","step":null}},"type":"parameter_msg"}
{"payload":{"local_timestamp":1680981646933,"param":{"paramName":"hsv_s","paramValue":0.7,"source":"manual","step":null}},"type":"parameter_msg"}
{"payload":{"local_timestamp":1680981646933,"param":{"paramName":"hsv_v","paramValue":0.4,"source":"manual","step":null}},"type":"parameter_msg"}
{"payload":{"local_timestamp":1680981646933,"param":{"paramName":"iou_t","paramValue":0.2,"source":"manual","step":null}},"type":"parameter_msg"}
{"payload":{"local_timestamp":1680981646933,"param":{"paramName":"lr0","paramValue":0.01,"source":"manual","step":null}},"type":"parameter_msg"}
{"payload":{"local_timestamp":1680981646933,"param":{"paramName":"lrf","paramValue":0.01,"source":"manual","step":null}},"type":"parameter_msg"}
{"payload":{"local_timestamp":1680981646933,"param":{"paramName":"mixup","paramValue":0.0,"source":"manual","step":null}},"type":"parameter_msg"}
{"payload":{"local_timestamp":1680981646933,"param":{"paramName":"momentum","paramValue":0.937,"source":"manual","step":null}},"type":"parameter_msg"}
{"payload":{"local_timestamp":1680981646933,"param":{"paramName":"mosaic","paramValue":1.0,"source":"manual","step":null}},"type":"parameter_msg"}
{"payload":{"local_timestamp":1680981646933,"param":{"paramName":"obj","paramValue":1.0,"source":"manual","step":null}},"type":"parameter_msg"}
{"payload":{"local_timestamp":1680981646933,"param":{"paramName":"obj_pw","paramValue":1.0,"source":"manual","step":null}},"type":"parameter_msg"}
{"payload":{"local_timestamp":1680981646933,"param":{"paramName":"perspective","paramValue":0.0,"source":"manual","step":null}},"type":"parameter_msg"}
{"payload":{"local_timestamp":1680981646933,"param":{"paramName":"scale","paramValue":0.5,"source":"manual","step":null}},"type":"parameter_msg"}
{"payload":{"local_timestamp":1680981646933,"param":{"paramName":"shear","paramValue":0.0,"source":"manual","step":null}},"type":"parameter_msg"}
{"payload":{"local_timestamp":1680981646933,"param":{"paramName":"translate","paramValue":0.1,"source":"manual","step":null}},"type":"parameter_msg"}
{"payload":{"local_timestamp":1680981646933,"param":{"paramName":"warmup_bias_lr","paramValue":0.1,"source":"manual","step":null}},"type":"parameter_msg"}
{"payload":{"local_timestamp":1680981646933,"param":{"paramName":"warmup_epochs","paramValue":3.0,"source":"manual","step":null}},"type":"parameter_msg"}
{"payload":{"local_timestamp":1680981646933,"param":{"paramName":"warmup_momentum","paramValue":0.8,"source":"manual","step":null}},"type":"parameter_msg"}
{"payload":{"local_timestamp":1680981646933,"param":{"paramName":"weight_decay","paramValue":0.0005,"source":"manual","step":null}},"type":"parameter_msg"}
{"payload":{"additional_params":{"assetId":"2338b68c001144c6aedf7b1a7551579a","context":null,"epoch":null,"extension":"json","fileName":"hyperparameters.json","overwrite":false,"runId":null,"step":null},"clean":true,"file_path":"tmpoeqkmaim","local_timestamp":1680981646943,"metadata":{"type":"hyp-config-file"},"upload_type":"asset"},"type":"file_upload"}
{"payload":{"additional_params":{"assetId":"b9ba241049864cbfa73f9583770f059c","context":null,"extension":"yaml","fileName":"opt.yaml","overwrite":false,"runId":null,"step":null},"clean":true,"file_path":"tmp8cjv6rb7","local_timestamp":1680981646943,"metadata":{"type":"opt-config-file"},"upload_type":"asset"},"type":"file_upload"}
{"payload":{"local_timestamp":1680981646943,"param":{"paramName":"val_conf_threshold","paramValue":0.001,"source":"manual","step":null}},"type":"parameter_msg"}
{"payload":{"local_timestamp":1680981646943,"param":{"paramName":"val_iou_threshold","paramValue":0.6,"source":"manual","step":null}},"type":"parameter_msg"}
{"payload":{"local_timestamp":1680981646943,"log_other":{"key":"comet_mode","val":"online"}},"type":"ws_msg"}
{"payload":{"local_timestamp":1680981646943,"log_other":{"key":"comet_max_image_uploads","val":100}},"type":"ws_msg"}
{"payload":{"local_timestamp":1680981646943,"log_other":{"key":"comet_log_per_class_metrics","val":false}},"type":"ws_msg"}
{"payload":{"local_timestamp":1680981646943,"log_other":{"key":"comet_log_batch_metrics","val":false}},"type":"ws_msg"}
{"payload":{"local_timestamp":1680981646943,"log_other":{"key":"comet_log_confusion_matrix","val":true}},"type":"ws_msg"}
{"payload":{"local_timestamp":1680981646943,"log_other":{"key":"comet_model_name","val":"yolov5"}},"type":"ws_msg"}
{"payload":{"local_timestamp":1680981646943,"stderr":true,"stdout":"Traceback (most recent call last):\n"},"type":"ws_msg"}
{"payload":{"local_timestamp":1680981646943,"stderr":true,"stdout":"  File \"train.py\", line 640, in <module>\n"},"type":"ws_msg"}
{"payload":{"local_timestamp":1680981646943,"stderr":true,"stdout":"    "},"type":"ws_msg"}
{"payload":{"local_timestamp":1680981646943,"stderr":true,"stdout":"main(opt)"},"type":"ws_msg"}
{"payload":{"local_timestamp":1680981646943,"stderr":true,"stdout":"\n"},"type":"ws_msg"}
{"payload":{"local_timestamp":1680981646953,"stderr":true,"stdout":"  File \"train.py\", line 529, in main\n"},"type":"ws_msg"}
{"payload":{"local_timestamp":1680981646953,"stderr":true,"stdout":"    "},"type":"ws_msg"}
{"payload":{"local_timestamp":1680981646953,"stderr":true,"stdout":"train(opt.hyp, opt, device, callbacks)"},"type":"ws_msg"}
{"payload":{"local_timestamp":1680981646953,"stderr":true,"stdout":"\n"},"type":"ws_msg"}
{"payload":{"local_timestamp":1680981646953,"stderr":true,"stdout":"  File \"train.py\", line 119, in train\n"},"type":"ws_msg"}
{"payload":{"local_timestamp":1680981646953,"stderr":true,"stdout":"    "},"type":"ws_msg"}
{"payload":{"local_timestamp":1680981646953,"stderr":true,"stdout":"check_suffix(weights, '.pt')  # check weights"},"type":"ws_msg"}
{"payload":{"local_timestamp":1680981646953,"stderr":true,"stdout":"\n"},"type":"ws_msg"}
{"payload":{"local_timestamp":1680981646953,"stderr":true,"stdout":"  File \"C:\\Users\\Eppat\\recycleDetectionMain\\yolov5\\utils\\general.py\", line 460, in check_suffix\n"},"type":"ws_msg"}
{"payload":{"local_timestamp":1680981646953,"stderr":true,"stdout":"    "},"type":"ws_msg"}
{"payload":{"local_timestamp":1680981646953,"stderr":true,"stdout":"assert s in suffix, f'{msg}{f} acceptable suffix is {suffix}'"},"type":"ws_msg"}
{"payload":{"local_timestamp":1680981646953,"stderr":true,"stdout":"\n"},"type":"ws_msg"}
{"payload":{"local_timestamp":1680981646953,"stderr":true,"stdout":"AssertionError"},"type":"ws_msg"}
{"payload":{"local_timestamp":1680981646953,"stderr":true,"stdout":": "},"type":"ws_msg"}
{"payload":{"local_timestamp":1680981646953,"stderr":true,"stdout":"yolov5m.ptt acceptable suffix is ['.pt']"},"type":"ws_msg"}
{"payload":{"local_timestamp":1680981646953,"stderr":true,"stdout":"\n"},"type":"ws_msg"}
{"payload":{"git_meta":{"branch":"refs/heads/master","origin":"https://github.com/ultralytics/yolov5","parent":"23c492321290266810e08fa5ee9a23fc9d6a571f","repo_name":"yolov5","root":"1e84a23f38fad9e52b59101e9f1246d93066ed1e","status":null,"user":"eppatten"},"local_timestamp":1680981647111},"type":"ws_msg"}
{"payload":{"local_timestamp":1680981647111,"stderr":true,"stdout":"COMET WARNING: Unknown error exporting current conda environment\n"},"type":"ws_msg"}
{"payload":{"local_timestamp":1680981647121,"stderr":true,"stdout":"COMET WARNING: Unknown error retrieving Conda package as an explicit file\n"},"type":"ws_msg"}
{"payload":{"local_timestamp":1680981647121,"stderr":true,"stdout":"COMET WARNING: Unknown error retrieving Conda information\n"},"type":"ws_msg"}
{"payload":{"local_timestamp":1680981647121,"stderr":true,"stdout":"COMET INFO: ---------------------------------------------------------------------------------------\n"},"type":"ws_msg"}
{"payload":{"local_timestamp":1680981647121,"stderr":true,"stdout":"COMET INFO: Comet.ml OfflineExperiment Summary\n"},"type":"ws_msg"}
{"payload":{"local_timestamp":1680981647121,"stderr":true,"stdout":"COMET INFO: ---------------------------------------------------------------------------------------\n"},"type":"ws_msg"}
{"payload":{"local_timestamp":1680981647121,"stderr":true,"stdout":"COMET INFO:   Data:\n"},"type":"ws_msg"}
{"payload":{"local_timestamp":1680981647121,"stderr":true,"stdout":"COMET INFO:     display_summary_level : 1\n"},"type":"ws_msg"}
{"payload":{"local_timestamp":1680981647121,"stderr":true,"stdout":"COMET INFO:     url                   : [OfflineExperiment will get URL after upload]\n"},"type":"ws_msg"}
{"payload":{"local_timestamp":1680981647121,"stderr":true,"stdout":"COMET INFO:   Others:\n"},"type":"ws_msg"}
{"payload":{"local_timestamp":1680981647121,"stderr":true,"stdout":"COMET INFO:     Created from                : YOLOv5\n"},"type":"ws_msg"}
{"payload":{"local_timestamp":1680981647121,"stderr":true,"stdout":"COMET INFO:     comet_log_batch_metrics     : False\n"},"type":"ws_msg"}
{"payload":{"local_timestamp":1680981647121,"stderr":true,"stdout":"COMET INFO:     comet_log_confusion_matrix  : True\n"},"type":"ws_msg"}
{"payload":{"local_timestamp":1680981647121,"stderr":true,"stdout":"COMET INFO:     comet_log_per_class_metrics : False\n"},"type":"ws_msg"}
{"payload":{"local_timestamp":1680981647121,"stderr":true,"stdout":"COMET INFO:     comet_max_image_uploads     : 100\n"},"type":"ws_msg"}
{"payload":{"local_timestamp":1680981647121,"stderr":true,"stdout":"COMET INFO:     comet_mode                  : online\n"},"type":"ws_msg"}
{"payload":{"local_timestamp":1680981647121,"stderr":true,"stdout":"COMET INFO:     comet_model_name            : yolov5\n"},"type":"ws_msg"}
{"payload":{"local_timestamp":1680981647121,"stderr":true,"stdout":"COMET INFO:     offline_experiment          : True\n"},"type":"ws_msg"}
{"payload":{"local_timestamp":1680981647121,"stderr":true,"stdout":"COMET INFO:   Parameters:\n"},"type":"ws_msg"}
{"payload":{"local_timestamp":1680981647121,"stderr":true,"stdout":"COMET INFO:     anchor_t           : 4.0\n"},"type":"ws_msg"}
{"payload":{"local_timestamp":1680981647137,"stderr":true,"stdout":"COMET INFO:     artifact_alias     : latest\n"},"type":"ws_msg"}
{"payload":{"local_timestamp":1680981647137,"stderr":true,"stdout":"COMET INFO:     batch_size         : 10\n"},"type":"ws_msg"}
{"payload":{"local_timestamp":1680981647137,"stderr":true,"stdout":"COMET INFO:     bbox_interval      : -1\n"},"type":"ws_msg"}
{"payload":{"local_timestamp":1680981647137,"stderr":true,"stdout":"COMET INFO:     box                : 0.05\n"},"type":"ws_msg"}
{"payload":{"local_timestamp":1680981647137,"stderr":true,"stdout":"COMET INFO:     bucket             : \n"},"type":"ws_msg"}
{"payload":{"local_timestamp":1680981647137,"stderr":true,"stdout":"COMET INFO:     cache              : 1\n"},"type":"ws_msg"}
{"payload":{"local_timestamp":1680981647137,"stderr":true,"stdout":"COMET INFO:     cfg                : \n"},"type":"ws_msg"}
{"payload":{"local_timestamp":1680981647137,"stderr":true,"stdout":"COMET INFO:     cls                : 0.5\n"},"type":"ws_msg"}
{"payload":{"local_timestamp":1680981647137,"stderr":true,"stdout":"COMET INFO:     cls_pw             : 1.0\n"},"type":"ws_msg"}
{"payload":{"local_timestamp":1680981647137,"stderr":true,"stdout":"COMET INFO:     copy_paste         : 0.0\n"},"type":"ws_msg"}
{"payload":{"local_timestamp":1680981647137,"stderr":true,"stdout":"COMET INFO:     cos_lr             : False\n"},"type":"ws_msg"}
{"payload":{"local_timestamp":1680981647147,"stderr":true,"stdout":"COMET INFO:     degrees            : 0.0\n"},"type":"ws_msg"}
{"payload":{"local_timestamp":1680981647147,"stderr":true,"stdout":"COMET INFO:     device             : \n"},"type":"ws_msg"}
{"payload":{"local_timestamp":1680981647147,"stderr":true,"stdout":"COMET INFO:     entity             : 1\n"},"type":"ws_msg"}
{"payload":{"local_timestamp":1680981647147,"stderr":true,"stdout":"COMET INFO:     evolve             : 1\n"},"type":"ws_msg"}
{"payload":{"local_timestamp":1680981647147,"stderr":true,"stdout":"COMET INFO:     exist_ok           : False\n"},"type":"ws_msg"}
{"payload":{"local_timestamp":1680981647147,"stderr":true,"stdout":"COMET INFO:     fl_gamma           : 0.0\n"},"type":"ws_msg"}
{"payload":{"local_timestamp":1680981647147,"stderr":true,"stdout":"COMET INFO:     fliplr             : 0.5\n"},"type":"ws_msg"}
{"payload":{"local_timestamp":1680981647147,"stderr":true,"stdout":"COMET INFO:     flipud             : 0.0\n"},"type":"ws_msg"}
{"payload":{"local_timestamp":1680981647147,"stderr":true,"stdout":"COMET INFO:     freeze             : [0]\n"},"type":"ws_msg"}
{"payload":{"local_timestamp":1680981647147,"stderr":true,"stdout":"COMET INFO:     hsv_h              : 0.015\n"},"type":"ws_msg"}
{"payload":{"local_timestamp":1680981647147,"stderr":true,"stdout":"COMET INFO:     hsv_s              : 0.7\n"},"type":"ws_msg"}
{"payload":{"local_timestamp":1680981647147,"stderr":true,"stdout":"COMET INFO:     hsv_v              : 0.4\n"},"type":"ws_msg"}
{"payload":{"local_timestamp":1680981647147,"stderr":true,"stdout":"COMET INFO:     hyp                : {\"anchor_t\": 4.0, \"box\": 0.05, \"cls\": 0.5, \"cls_pw\": 1.0, \"copy_paste\": 0.0, \"degrees\": 0.0, \"fl_gamma\": 0.0, \"fliplr\": 0.5, \"flipud\": 0.0, \"hsv_h\": 0.015, \"hsv_s\": 0.7, \"hsv_v\": 0.4, \"iou_t\": 0.2, \"lr0\": 0.01, \"lrf\": 0.01, \"mixup\": 0.0, \"momentum\": 0.937, \"mosaic\": 1.0, \"obj\": 1.0, \"obj_pw\": 1.0, \"perspective\": 0.0, \"scale\": 0.5, \"shear\": 0.0, \"translate\": 0.1, \"warmup_bias_lr\": 0.1, \"warmup_epochs\": 3.0, \"warmup_momentum\": 0.8, \"weight_decay\": 0.0005}\n"},"type":"ws_msg"}
{"payload":{"local_timestamp":1680981647147,"stderr":true,"stdout":"COMET INFO:     image_weights      : False\n"},"type":"ws_msg"}
{"payload":{"local_timestamp":1680981647147,"stderr":true,"stdout":"COMET INFO:     imgsz              : 640\n"},"type":"ws_msg"}
{"payload":{"local_timestamp":1680981647157,"stderr":true,"stdout":"COMET INFO:     iou_t              : 0.2\n"},"type":"ws_msg"}
{"payload":{"local_timestamp":1680981647157,"stderr":true,"stdout":"COMET INFO:     label_smoothing    : 0.0\n"},"type":"ws_msg"}
{"payload":{"local_timestamp":1680981647157,"stderr":true,"stdout":"COMET INFO:     local_rank         : -1\n"},"type":"ws_msg"}
{"payload":{"local_timestamp":1680981647157,"stderr":true,"stdout":"COMET INFO:     lr0                : 0.01\n"},"type":"ws_msg"}
{"payload":{"local_timestamp":1680981647157,"stderr":true,"stdout":"COMET INFO:     lrf                : 0.01\n"},"type":"ws_msg"}
{"payload":{"local_timestamp":1680981647157,"stderr":true,"stdout":"COMET INFO:     mixup              : 0.0\n"},"type":"ws_msg"}
{"payload":{"local_timestamp":1680981647157,"stderr":true,"stdout":"COMET INFO:     momentum           : 0.937\n"},"type":"ws_msg"}
{"payload":{"local_timestamp":1680981647157,"stderr":true,"stdout":"COMET INFO:     mosaic             : 1.0\n"},"type":"ws_msg"}
{"payload":{"local_timestamp":1680981647157,"stderr":true,"stdout":"COMET INFO:     multi_scale        : False\n"},"type":"ws_msg"}
{"payload":{"local_timestamp":1680981647157,"stderr":true,"stdout":"COMET INFO:     name               : exp\n"},"type":"ws_msg"}
{"payload":{"local_timestamp":1680981647157,"stderr":true,"stdout":"COMET INFO:     noautoanchor       : False\n"},"type":"ws_msg"}
{"payload":{"local_timestamp":1680981647168,"stderr":true,"stdout":"COMET INFO:     noplots            : False\n"},"type":"ws_msg"}
{"payload":{"local_timestamp":1680981647168,"stderr":true,"stdout":"COMET INFO:     nosave             : False\n"},"type":"ws_msg"}
{"payload":{"local_timestamp":1680981647168,"stderr":true,"stdout":"COMET INFO:     noval              : False\n"},"type":"ws_msg"}
{"payload":{"local_timestamp":1680981647168,"stderr":true,"stdout":"COMET INFO:     obj                : 1.0\n"},"type":"ws_msg"}
{"payload":{"local_timestamp":1680981647168,"stderr":true,"stdout":"COMET INFO:     obj_pw             : 1.0\n"},"type":"ws_msg"}
{"payload":{"local_timestamp":1680981647168,"stderr":true,"stdout":"COMET INFO:     optimizer          : SGD\n"},"type":"ws_msg"}
{"payload":{"local_timestamp":1680981647168,"stderr":true,"stdout":"COMET INFO:     patience           : 100\n"},"type":"ws_msg"}
{"payload":{"local_timestamp":1680981647168,"stderr":true,"stdout":"COMET INFO:     perspective        : 0.0\n"},"type":"ws_msg"}
{"payload":{"local_timestamp":1680981647168,"stderr":true,"stdout":"COMET INFO:     project            : runs\\train\n"},"type":"ws_msg"}
{"payload":{"local_timestamp":1680981647168,"stderr":true,"stdout":"COMET INFO:     quad               : False\n"},"type":"ws_msg"}
{"payload":{"local_timestamp":1680981647168,"stderr":true,"stdout":"COMET INFO:     rect               : False\n"},"type":"ws_msg"}
{"payload":{"local_timestamp":1680981647168,"stderr":true,"stdout":"COMET INFO:     resume             : False\n"},"type":"ws_msg"}
{"payload":{"local_timestamp":1680981647168,"stderr":true,"stdout":"COMET INFO:     save_dir           : runs\\train\\exp5\n"},"type":"ws_msg"}
{"payload":{"local_timestamp":1680981647168,"stderr":true,"stdout":"COMET INFO:     save_period        : -1\n"},"type":"ws_msg"}
{"payload":{"local_timestamp":1680981647178,"stderr":true,"stdout":"COMET INFO:     scale              : 0.5\n"},"type":"ws_msg"}
{"payload":{"local_timestamp":1680981647178,"stderr":true,"stdout":"COMET INFO:     seed               : 0\n"},"type":"ws_msg"}
{"payload":{"local_timestamp":1680981647178,"stderr":true,"stdout":"COMET INFO:     shear              : 0.0\n"},"type":"ws_msg"}
{"payload":{"local_timestamp":1680981647178,"stderr":true,"stdout":"COMET INFO:     single_cls         : False\n"},"type":"ws_msg"}
{"payload":{"local_timestamp":1680981647178,"stderr":true,"stdout":"COMET INFO:     sync_bn            : False\n"},"type":"ws_msg"}
{"payload":{"local_timestamp":1680981647178,"stderr":true,"stdout":"COMET INFO:     translate          : 0.1\n"},"type":"ws_msg"}
{"payload":{"local_timestamp":1680981647188,"stderr":true,"stdout":"COMET INFO:     upload_dataset     : False\n"},"type":"ws_msg"}
{"payload":{"local_timestamp":1680981647189,"stderr":true,"stdout":"COMET INFO:     val_conf_threshold : 0.001\n"},"type":"ws_msg"}
{"payload":{"local_timestamp":1680981647190,"stderr":true,"stdout":"COMET INFO:     val_iou_threshold  : 0.6\n"},"type":"ws_msg"}
{"payload":{"local_timestamp":1680981647191,"stderr":true,"stdout":"COMET INFO:     warmup_bias_lr     : 0.1\n"},"type":"ws_msg"}
{"payload":{"local_timestamp":1680981647191,"stderr":true,"stdout":"COMET INFO:     warmup_epochs      : 3.0\n"},"type":"ws_msg"}
{"payload":{"local_timestamp":1680981647191,"stderr":true,"stdout":"COMET INFO:     warmup_momentum    : 0.8\n"},"type":"ws_msg"}
{"payload":{"local_timestamp":1680981647191,"stderr":true,"stdout":"COMET INFO:     weight_decay       : 0.0005\n"},"type":"ws_msg"}
{"payload":{"local_timestamp":1680981647191,"stderr":true,"stdout":"COMET INFO:     workers            : 8\n"},"type":"ws_msg"}
{"payload":{"local_timestamp":1680981647191,"stderr":true,"stdout":"COMET INFO:   Uploads:\n"},"type":"ws_msg"}
{"payload":{"local_timestamp":1680981647191,"stderr":true,"stdout":"COMET INFO:     asset               : 3 (2.01 KB)\n"},"type":"ws_msg"}
{"payload":{"local_timestamp":1680981647191,"stderr":true,"stdout":"COMET INFO:     environment details : 1\n"},"type":"ws_msg"}
{"payload":{"local_timestamp":1680981647191,"stderr":true,"stdout":"COMET INFO:     git metadata        : 1\n"},"type":"ws_msg"}
{"payload":{"local_timestamp":1680981647198,"stderr":true,"stdout":"COMET INFO:     installed packages  : 1\n"},"type":"ws_msg"}
{"payload":{"local_timestamp":1680981647198,"stderr":true,"stdout":"COMET INFO: \n"},"type":"ws_msg"}
{"payload":{"local_timestamp":1680981647198,"stderr":true,"stdout":"COMET WARNING: Experiment Name is generated at upload time for Offline Experiments unless set explicitly with Experiment.set_name\n"},"type":"ws_msg"}
{"payload":{"local_timestamp":1680981647198,"stderr":true,"stdout":"COMET WARNING: Comet has disabled auto-logging functionality as it has been imported after the following ML modules: tensorboard, torch. Metrics and hyperparameters can still be logged using Experiment.log_metrics() and Experiment.log_parameters()\n"},"type":"ws_msg"}
{"payload":{"local_timestamp":1680981647198,"log_other":{"key":"sys.already_imported_modules","val":"[\"tensorboard\", \"torch\"]"}},"type":"ws_msg"}
